-- phpMyAdmin SQL Dump
-- version phpStudy 2014
-- http://www.phpmyadmin.net
--
-- 主机: localhost
-- 生成日期: 2016 年 10 月 10 日 16:37
-- 服务器版本: 5.5.40
-- PHP 版本: 5.3.29

SET SQL_MODE="NO_AUTO_VALUE_ON_ZERO";
SET time_zone = "+00:00";


/*!40101 SET @OLD_CHARACTER_SET_CLIENT=@@CHARACTER_SET_CLIENT */;
/*!40101 SET @OLD_CHARACTER_SET_RESULTS=@@CHARACTER_SET_RESULTS */;
/*!40101 SET @OLD_COLLATION_CONNECTION=@@COLLATION_CONNECTION */;
/*!40101 SET NAMES utf8 */;

--
-- 数据库: `imooc_singcms`
--

-- --------------------------------------------------------

--
-- 表的结构 `cms_admin`
--

CREATE TABLE IF NOT EXISTS `cms_admin` (
  `admin_id` mediumint(6) unsigned NOT NULL AUTO_INCREMENT,
  `username` varchar(20) NOT NULL DEFAULT '',
  `password` varchar(32) NOT NULL DEFAULT '',
  `lastloginip` varchar(15) DEFAULT '0',
  `lastlogintime` int(10) unsigned DEFAULT '0',
  `email` varchar(40) DEFAULT '',
  `realname` varchar(50) NOT NULL DEFAULT '',
  `status` tinyint(1) NOT NULL DEFAULT '1',
  PRIMARY KEY (`admin_id`),
  KEY `username` (`username`)
) ENGINE=MyISAM  DEFAULT CHARSET=utf8 AUTO_INCREMENT=9 ;

--
-- 转存表中的数据 `cms_admin`
--

INSERT INTO `cms_admin` (`admin_id`, `username`, `password`, `lastloginip`, `lastlogintime`, `email`, `realname`, `status`) VALUES
(1, 'admin', 'd099d126030d3207ba102efa8e60630a', '0', 1476088427, 'tracywxh0830@126.com', '张三`1', 1),
(2, 'singwa', 'a8ea3a23aa715c8772dd5b4a981ba6f4', '0', 1458139801, '', '张三', -1),
(3, 'singwa', 'a8ea3a23aa715c8772dd5b4a981ba6f4', '0', 0, '', '', -1),
(4, 'singwa3', '79d4026540fdd95e4a0b627c77e6fa44', '0', 1458144621, '', 'singwa', 1),
(5, '123', 'a9af16ad123982321b59047c16d2c998', '0', 0, '', '123456', -1),
(6, '1234', 'a9af16ad123982321b59047c16d2c998', '0', 0, '', '123456', -1),
(7, '12345', 'a9af16ad123982321b59047c16d2c998', '0', 0, '', '123456', -1),
(8, '1235', '08bd6182e70b8ef109d2c5050d5ecf80', '0', 1471355592, 'www,baidu.com', '1234', -1);

-- --------------------------------------------------------

--
-- 表的结构 `cms_comments`
--

CREATE TABLE IF NOT EXISTS `cms_comments` (
  `id` int(5) NOT NULL AUTO_INCREMENT,
  `news_id` int(5) DEFAULT NULL,
  `username` varchar(10) DEFAULT NULL,
  `comment` varchar(140) DEFAULT NULL,
  `addtime` int(10) DEFAULT NULL,
  PRIMARY KEY (`id`)
) ENGINE=MyISAM  DEFAULT CHARSET=utf8 AUTO_INCREMENT=31 ;

--
-- 转存表中的数据 `cms_comments`
--

INSERT INTO `cms_comments` (`id`, `news_id`, `username`, `comment`, `addtime`) VALUES
(26, 21, '匿名用户', '习大大，人民的好公仆，好领导', 1474632398);

-- --------------------------------------------------------

--
-- 表的结构 `cms_ddos`
--

CREATE TABLE IF NOT EXISTS `cms_ddos` (
  `ID` int(11) NOT NULL AUTO_INCREMENT,
  `DDosUpTime` int(5) NOT NULL,
  `DDosType` varchar(5) NOT NULL,
  `DDosUpCount` int(5) NOT NULL,
  `DDoslockTime` int(5) NOT NULL,
  PRIMARY KEY (`ID`)
) ENGINE=MyISAM  DEFAULT CHARSET=utf8 AUTO_INCREMENT=2 ;

--
-- 转存表中的数据 `cms_ddos`
--

INSERT INTO `cms_ddos` (`ID`, `DDosUpTime`, `DDosType`, `DDosUpCount`, `DDoslockTime`) VALUES
(1, 2, 'lock', 2, 1);

-- --------------------------------------------------------

--
-- 表的结构 `cms_deploy_logs`
--

CREATE TABLE IF NOT EXISTS `cms_deploy_logs` (
  `ID` int(11) NOT NULL AUTO_INCREMENT,
  `NO` datetime DEFAULT NULL,
  `PATH` tinytext NOT NULL,
  `RESULT` varchar(200) DEFAULT NULL,
  PRIMARY KEY (`ID`)
) ENGINE=MyISAM DEFAULT CHARSET=utf8 AUTO_INCREMENT=1 ;

-- --------------------------------------------------------

--
-- 表的结构 `cms_lock_logs`
--

CREATE TABLE IF NOT EXISTS `cms_lock_logs` (
  `ID` int(11) NOT NULL AUTO_INCREMENT,
  `IP` varchar(20) NOT NULL,
  `TYPE` varchar(20) NOT NULL,
  `ENDTIME` int(11) NOT NULL,
  `NO` varchar(20) NOT NULL,
  `MSG` varchar(255) NOT NULL,
  PRIMARY KEY (`ID`)
) ENGINE=MyISAM  DEFAULT CHARSET=utf8 AUTO_INCREMENT=162 ;

-- --------------------------------------------------------

--
-- 表的结构 `cms_logs`
--

CREATE TABLE IF NOT EXISTS `cms_logs` (
  `ID` int(11) NOT NULL AUTO_INCREMENT,
  `TIME` datetime NOT NULL,
  `IP` varchar(20) NOT NULL,
  `TYPE` varchar(200) NOT NULL,
  `RESULT` varchar(200) NOT NULL,
  `OTHER` tinytext NOT NULL,
  PRIMARY KEY (`ID`)
) ENGINE=MyISAM  DEFAULT CHARSET=utf8 AUTO_INCREMENT=111 ;

--
-- 转存表中的数据 `cms_logs`
--

INSERT INTO `cms_logs` (`ID`, `TIME`, `IP`, `TYPE`, `RESULT`, `OTHER`) VALUES
(107, '2016-10-04 20:19:00', '127.0.0.1', 'sql', '拦截成功', 'GET:a:1:{s:11:\\"load_file()\\";s:0:\\"\\";}'),
(106, '2016-10-01 20:40:35', '127.0.0.1', 'ddos', '锁定IP', '请不要重复刷新页面'),
(105, '2016-10-01 20:21:33', '127.0.0.1', 'sql', '拦截成功', 'GET:a:1:{s:11:\\"load_file()\\";s:0:\\"\\";}'),
(104, '2016-10-01 19:44:39', '127.0.0.1', 'sql', '拦截成功', 'GET:a:1:{s:11:\\"load_file()\\";s:0:\\"\\";}'),
(103, '2016-10-01 19:30:25', '127.0.0.1', 'ddos', '锁定IP', '请不要重复刷新页面'),
(102, '2016-10-01 19:27:57', '127.0.0.1', 'sql', '拦截成功', 'GET:a:1:{s:11:\\"load_file()\\";s:0:\\"\\";}'),
(101, '2016-10-01 19:22:25', '127.0.0.1', 'sql', '拦截成功', 'GET:a:1:{s:11:\\"LOAD_FILE()\\";s:0:\\"\\";}'),
(100, '2016-10-01 19:21:38', '127.0.0.1', 'sql', '拦截成功', 'GET:a:1:{s:11:\\"LOAD_FILE()\\";s:0:\\"\\";}'),
(99, '2016-10-01 19:06:24', '127.0.0.1', 'sql', '拦截成功', 'GET:a:1:{s:11:\\"load_file()\\";s:0:\\"\\";}'),
(98, '2016-10-01 18:58:17', '127.0.0.1', 'sql', '拦截成功', 'GET:a:1:{s:11:\\"load_file()\\";s:0:\\"\\";}'),
(97, '2016-10-01 18:56:54', '127.0.0.1', 'sql', '拦截成功', 'GET:a:1:{s:11:\\"load_file()\\";s:0:\\"\\";}'),
(96, '2016-10-01 18:56:43', '127.0.0.1', 'sql', '拦截成功', 'GET:a:1:{s:11:\\"load_file()\\";s:0:\\"\\";}'),
(95, '2016-10-01 18:55:21', '127.0.0.1', 'sql', '拦截成功', 'GET:a:1:{s:11:\\"load_file()\\";s:0:\\"\\";}'),
(94, '2016-10-01 18:53:39', '127.0.0.1', 'sql', '拦截成功', 'GET:a:1:{s:11:\\"load_file()\\";s:0:\\"\\";}'),
(93, '2016-10-01 17:28:43', '127.0.0.1', 'ddos', '锁定IP', '请不要重复刷新页面'),
(92, '2016-10-01 17:14:13', '127.0.0.1', 'ddos', '锁定IP', '请不要重复刷新页面'),
(91, '2016-10-01 10:06:12', '127.0.0.1', 'ddos', '锁定IP', '请不要重复刷新页面'),
(88, '2016-09-30 22:16:53', '127.0.0.1', 'ddos', '锁定IP', '请不要重复刷新页面'),
(89, '2016-09-30 22:24:53', '127.0.0.1', 'ddos', '锁定IP', '请不要重复刷新页面'),
(90, '2016-10-01 09:57:04', '127.0.0.1', 'ddos', '锁定IP', '请不要重复刷新页面'),
(110, '2016-10-08 17:08:25', '127.0.0.1', 'sql', '拦截成功', 'GET:a:1:{s:11:\\"load_file()\\";s:0:\\"\\";}'),
(109, '2016-10-08 17:09:14', '127.0.0.1', 'ddos', '锁定IP', '请不要重复刷新页面'),
(108, '2016-10-04 20:22:41', '127.0.0.1', 'sql', '拦截成功', 'GET:a:1:{s:11:\\"load_file()\\";s:0:\\"\\";}');

-- --------------------------------------------------------

--
-- 表的结构 `cms_menu`
--

CREATE TABLE IF NOT EXISTS `cms_menu` (
  `menu_id` smallint(6) unsigned NOT NULL AUTO_INCREMENT,
  `name` varchar(40) NOT NULL DEFAULT '',
  `parentid` smallint(6) NOT NULL DEFAULT '0',
  `m` varchar(20) NOT NULL DEFAULT '',
  `c` varchar(20) NOT NULL DEFAULT '',
  `f` varchar(20) NOT NULL DEFAULT '',
  `data` varchar(100) NOT NULL DEFAULT '',
  `listorder` smallint(6) unsigned NOT NULL DEFAULT '0',
  `status` tinyint(1) NOT NULL DEFAULT '1',
  `type` tinyint(1) unsigned NOT NULL DEFAULT '0',
  PRIMARY KEY (`menu_id`),
  KEY `listorder` (`listorder`),
  KEY `parentid` (`parentid`),
  KEY `module` (`m`,`c`,`f`)
) ENGINE=MyISAM  DEFAULT CHARSET=utf8 AUTO_INCREMENT=26 ;

--
-- 转存表中的数据 `cms_menu`
--

INSERT INTO `cms_menu` (`menu_id`, `name`, `parentid`, `m`, `c`, `f`, `data`, `listorder`, `status`, `type`) VALUES
(1, '菜单管理', 0, 'admin', 'menu', 'index', '', 13, 1, 1),
(2, '文章管理', 0, 'admin', 'Content', 'index', '', 0, -1, 1),
(3, '业内新闻', 0, 'home', 'cat', 'index', '', 3, 1, 0),
(4, '科技', 0, 'home', 'cat ', 'index', '', 0, -1, 0),
(5, '汽车', 0, 'home', 'cat', 'index', '', 0, -1, 0),
(6, '文章管理', 0, 'admin', 'content', 'index', '', 6, 1, 1),
(7, '用户管理', 0, 'admin', 'user', 'index', '', 0, -1, 1),
(8, '科技', 0, 'home', 'cat', 'index', '', 0, -1, 0),
(9, '推荐位管理', 0, 'admin', 'position', 'index', '', 4, 1, 1),
(10, '推荐位内容管理', 0, 'admin', 'positioncontent', 'index', '', 3, 1, 1),
(11, '基本管理', 0, 'admin', 'basic', 'index', '', 7, 1, 1),
(12, '最新进展', 0, 'home', 'cat', 'index', '', 6, 1, 0),
(13, '用户管理', 0, 'admin', 'admin', 'index', '', 12, 1, 1),
(22, 'DDos拦截管理', 0, 'admin', 'ddos', 'index', '', 2, 1, 1),
(21, '评论管理', 0, 'admin', 'comment', 'index', '', 4, 1, 1),
(20, '医疗科技', 0, 'home', 'cat', 'index', '', 0, 1, 0),
(23, 'DDos拦截日志', 0, 'admin', 'Ddos', 'logs', '', 2, 1, 1),
(24, 'SQL注入管理', 0, 'admin', 'sql', 'index', '', 1, 1, 1),
(25, 'SQL拦截日志', 0, 'admin', 'sqllogs', 'index', '', 0, 1, 1);

-- --------------------------------------------------------

--
-- 表的结构 `cms_news`
--

CREATE TABLE IF NOT EXISTS `cms_news` (
  `news_id` mediumint(8) unsigned NOT NULL AUTO_INCREMENT,
  `catid` smallint(5) unsigned NOT NULL DEFAULT '0',
  `title` varchar(80) NOT NULL DEFAULT '',
  `small_title` varchar(30) NOT NULL DEFAULT '',
  `title_font_color` varchar(250) DEFAULT NULL COMMENT '标题颜色',
  `thumb` varchar(100) NOT NULL DEFAULT '',
  `keywords` char(40) NOT NULL DEFAULT '',
  `description` varchar(250) NOT NULL COMMENT '文章描述',
  `posids` varchar(250) NOT NULL DEFAULT '',
  `listorder` tinyint(3) unsigned NOT NULL DEFAULT '0',
  `status` tinyint(1) NOT NULL DEFAULT '1',
  `copyfrom` varchar(250) DEFAULT NULL COMMENT '来源',
  `username` char(20) NOT NULL,
  `create_time` int(10) unsigned NOT NULL DEFAULT '0',
  `update_time` int(10) unsigned NOT NULL DEFAULT '0',
  `count` int(10) unsigned NOT NULL DEFAULT '0',
  PRIMARY KEY (`news_id`),
  KEY `status` (`status`,`listorder`,`news_id`),
  KEY `listorder` (`catid`,`status`,`listorder`,`news_id`),
  KEY `catid` (`catid`,`status`,`news_id`)
) ENGINE=MyISAM  DEFAULT CHARSET=utf8 AUTO_INCREMENT=54 ;

--
-- 转存表中的数据 `cms_news`
--

INSERT INTO `cms_news` (`news_id`, `catid`, `title`, `small_title`, `title_font_color`, `thumb`, `keywords`, `description`, `posids`, `listorder`, `status`, `copyfrom`, `username`, `create_time`, `update_time`, `count`) VALUES
(17, 3, 'test', 'test', '#5674ed', '/upload/2016/03/06/56dbdc0c483af.JPG', 'sss', 'sss', '', 1, -1, '0', 'admin', 1455756856, 0, 0),
(18, 3, '你好ssss', '你好', '#ed568b', '/upload/2016/03/06/56dbdc015e662.JPG', '你好', '你好sssss  ss', '', 2, -1, '3', 'admin', 1455756999, 0, 0),
(38, 3, '叶方勇加油加油', '123', '#5674ed', '', '第三方', '打', '', 0, -1, '0', 'null', 1470301471, 0, 0),
(20, 3, '事实上', '11', '', '/upload/2016/02/28/56d3185781237.png', '1', '11', '', 0, -1, '0', 'admin', 1456674909, 0, 0),
(21, 3, '习近平今日下午出席解放军代表团全体会议', '习近平出席解放军代表团全体会议', '', '/upload/2016/03/13/56e519a185c93.png', '中共中央总书记 国家主席 中央军委主席 习近平', '中共中央总书记', '', 0, -1, '1', 'admin', 1457854896, 0, 62),
(22, 12, '李克强让部长们当第一新闻发言人', '李克强让部长们当第一新闻发言人', '', '/upload/2016/03/13/56e51b6ac8ce2.jpg', '李克强  新闻发言人', '部长直接面对媒体回应关切，还能直接读到民情民生民意，而不是看别人的舆情汇报。', '', 0, -1, '0', 'admin', 1457855362, 0, 22),
(23, 3, '重庆美女球迷争芳斗艳', '重庆美女球迷争芳斗艳', '', '/upload/2016/03/13/56e51cbd34470.png', '重庆美女 球迷 争芳斗艳', '重庆美女球迷争芳斗艳', '', 15, -1, '0', 'admin', 1457855680, 0, 10),
(24, 3, '中超-汪嵩世界波制胜 富力客场1-0力擒泰达', '中超-汪嵩世界波制胜 富力客场1-0力擒泰达', '', '/upload/2016/03/13/56e51fc82b13a.png', '中超 汪嵩世界波  富力客场 1-0力擒泰达', '中超-汪嵩世界波制胜 富力客场1-0力擒泰达', '', 0, -1, '0', 'admin', 1457856460, 0, 43),
(25, 12, '23123', '1243', '#5674ed', '', 'eqwr', 'eqeq', '', 0, -1, '0', 'null', 1470211515, 0, 0),
(26, 12, 'sada', 'sada', '#ed568b', '', 'sda', 'sad', '', 0, -1, '0', 'null', 1470211702, 0, 0),
(27, 3, '32322', '3143', '', '', 'eqwe', 'wqeqww', '', 0, -1, '0', 'null', 1470211937, 0, 0),
(28, 12, 'sad', 'sda', '#ed568b', '', 'asd', 'sad', '', 0, -1, '0', 'null', 1470212768, 0, 0),
(29, 12, '4134', '342', '', '/upload/2016/08/03/57a1ac86288db.jpg', 'weqw', 'qweq', '', 0, -1, '0', 'null', 1470213260, 0, 0),
(30, 12, 'rsds', 'safd', '', '', 'sdfa', 'sadfas', '', 0, -1, '0', 'null', 1470213720, 0, 0),
(31, 12, 'rsds', 'safd', '', '', 'sdfa', 'sadfas', '', 0, -1, '0', 'null', 1470213722, 0, 0),
(32, 12, '勤能补拙', 'safd', '', '/upload/2016/08/03/57a1ae7b8ffdb.jpg', 'sdfa', 'sadfas', '', 0, -1, '0', 'null', 1470213769, 0, 4),
(33, 12, 'fasd', 'asdas', '#ed568b', '', 'sdfa', 'sad', '', 0, -1, '0', 'null', 1470214126, 0, 0),
(34, 3, '叶方勇', '123', '#5674ed', '/upload/2016/08/03/57a1b277d70a9.jpg', '萨达', '萨达', '', 0, -1, '0', 'null', 1470214810, 0, 0),
(35, 12, '你好啊', '你好', '#5674ed', '/upload/2016/08/03/57a1b312c147d.jpg', '你好', '你好', '', 4, -1, '0', 'admin', 1470214949, 0, 0),
(36, 12, '胡家园', '胡家园', '#5674ed', '', '胡家园', '胡家园', '', 0, -1, '0', 'null', 1470215453, 0, 0),
(37, 3, '叶方勇', '123', '#5674ed', '', '第三方', '打', '', 5, -1, '0', 'null', 1470275722, 0, 0),
(39, 3, '叶方勇加油加油加油', '123', '#5674ed', '', '第三方', '打', '', 0, -1, '0', 'null', 1470301494, 0, 0),
(40, 3, '叶方勇加油加油加油加油', '123', '#5674ed', '', '第三方', '打', '', 0, -1, '0', 'null', 1470301544, 0, 0),
(41, 3, '叶方勇加油加油加油加油加加12', '123', '#5674ed', '', '第三方', '打', '', 0, -1, '0', 'null', 1470301903, 0, 0),
(42, 12, ' FDA优先评审再生元和赛诺菲特应性皮炎药物dupilumab', ' FDA优先评审再生元和赛诺菲特应性皮炎药物dupiluma', '#5674ed', '', '测试', '', '', 1, 1, '0', 'admin', 1474991483, 0, 8),
(43, 3, '健康医疗科技精准对接会暨陕西省国家临床医学研究中心网络成员单', '健康医疗科技精准对接会暨陕西省国家临床医学研究中心网络成员单', '#5674ed', '/upload/2016/10/03/57f212e461c3e.jpg', '会议强调，“因病致贫，因病返贫”已成为贫困地区重要的致贫原因和返贫因素。今年', '会议强调，“因病致贫，因病返贫”已成为贫困地区重要的致贫原因和返贫因素。今年', '', 0, 1, '0', 'admin', 1475482380, 0, 2),
(44, 20, '你上不上，云就在那里 ', '2016医院CIO上云辩论赛激烈开赛 ', '#5674ed', '/upload/2016/10/04/57f3565553609.jpg', '医疗云', '医疗云的辩论', '', 0, 1, '0', 'admin', 1475565230, 0, 7),
(45, 20, '北大医信携手金山云与上海产研院 开启“智慧和精准健康”新时代 ', '北大医信携手金山云与上海产研院 开启“智慧和精准健康”新时代', '#5674ed', '', '智慧 健康医疗 新时代', '智慧健康新时代', '', 0, 1, '0', 'admin', 1475565577, 0, 0),
(46, 20, '大数据时代，医疗信息化应该怎么建？ ', '大数据时代，医疗信息化应该怎么建？ ', '#ed568b', '/upload/2016/10/04/57f358b94797a.png', '大数据时代 医疗信息', '大数据时代，医疗信息该如何发展', '', 0, 1, '0', 'admin', 1475565863, 0, 1),
(47, 20, '2015中国生物医药前沿技术与产业化发展研讨会顺利闭幕', '2015中国生物医药前沿技术与产业化发展研讨会顺利闭幕', '#5674ed', '/upload/2016/10/04/57f35a333a55c.jpg', '生物医药 前沿技术', '中国生物医药前沿技术与产业化发展研讨会', '', 0, 1, '0', 'admin', 1475566223, 0, 2),
(48, 12, '助推医疗协同和分级诊疗，发力医疗信息化转型 ', '2016 InterSystems中国医疗信息化峰会”在京举', '#5674ed', '/upload/2016/10/04/57f35c4f61acb.jpg', '医疗信息化', '2016 InterSystems中国医疗信息化峰会”在京举行 ', '', 0, 1, '0', 'admin', 1475566722, 0, 3),
(49, 12, ' Ibrutinib治疗超高危CLL，风险获益良好', ' Ibrutinib治疗超高危CLL，风险获益良好', '#5674ed', '/upload/2016/10/04/57f390dba151b.jpg', 'lbruntinib CLL', ' Ibrutinib治疗超高危CLL，风险获益良好', '', 0, 1, '0', 'admin', 1475580198, 0, 1),
(50, 12, '20个典型问题，看穿糖尿病眼病', '20个典型问题，看穿糖尿病眼病', '#5674ed', '/upload/2016/10/04/57f39379bdb68.jpg', '糖尿病', '20个典型问题，看穿糖尿病眼病', '', 0, 1, '0', 'admin', 1475580890, 0, 1),
(51, 12, '2016年诺贝尔生理学或医学奖揭晓！', '2016年诺贝尔生理学或医学奖揭晓！', '#5674ed', '/upload/2016/10/04/57f39483ef55d.jpg', '诺贝尔生理学 医学奖', '2016年诺贝尔生理学或医学奖公布了！', '', 0, 1, '0', 'admin', 1475581220, 0, 2),
(52, 3, ' “救命药”为何总是缺货？', ' “救命药”为何总是缺货？', '', '', '救命药', ' “救命药”为何总是缺货？', '', 0, 1, '0', 'admin', 1475582774, 0, 1),
(53, 3, '致敬！41岁医生病倒在岗位 捐出全部可用器官', '致敬！41岁医生病倒在岗位 捐出全部可用器官', '#5674ed', '/upload/2016/10/05/57f4e5d25638a.jpg', '器官 岗位', '41岁医生病倒在岗位 捐出全部可用器官', '', 0, 1, '0', 'admin', 1475667439, 0, 1);

-- --------------------------------------------------------

--
-- 表的结构 `cms_news_content`
--

CREATE TABLE IF NOT EXISTS `cms_news_content` (
  `id` mediumint(8) unsigned NOT NULL AUTO_INCREMENT,
  `news_id` mediumint(8) unsigned NOT NULL,
  `content` mediumtext NOT NULL,
  `create_time` int(10) unsigned NOT NULL DEFAULT '0',
  `update_time` int(10) unsigned NOT NULL DEFAULT '0',
  PRIMARY KEY (`id`),
  KEY `news_id` (`news_id`)
) ENGINE=MyISAM  DEFAULT CHARSET=utf8 AUTO_INCREMENT=34 ;

--
-- 转存表中的数据 `cms_news_content`
--

INSERT INTO `cms_news_content` (`id`, `news_id`, `content`, `create_time`, `update_time`) VALUES
(7, 17, '&lt;p&gt;\r\n	gsdggsgsgsgsg\r\n&lt;/p&gt;\r\n&lt;p&gt;\r\n	sgsg\r\n&lt;/p&gt;\r\n&lt;p&gt;\r\n	gsdgsg \r\n&lt;/p&gt;\r\n&lt;p style=&quot;text-align:center;&quot;&gt;\r\n	       ggg\r\n&lt;/p&gt;', 1455756856, 0),
(8, 18, '&lt;p&gt;\r\n	你好\r\n&lt;/p&gt;\r\n&lt;p&gt;\r\n	我很好dsggfg\r\n&lt;/p&gt;\r\n&lt;p&gt;\r\n	&lt;br /&gt;\r\n&lt;/p&gt;\r\n&lt;p&gt;\r\n	gsgfgdfgd\r\n&lt;/p&gt;\r\n&lt;p&gt;\r\n	&lt;br /&gt;\r\n&lt;/p&gt;\r\n&lt;p&gt;\r\n	&lt;br /&gt;\r\n&lt;/p&gt;\r\n&lt;p&gt;\r\n	&lt;br /&gt;\r\n&lt;/p&gt;\r\n&lt;p&gt;\r\n	gggg\r\n&lt;/p&gt;', 1455756999, 0),
(9, 19, '111', 1456673467, 0),
(10, 20, '111', 1456674909, 0),
(11, 21, '&lt;p&gt;\r\n	&lt;span style=&quot;font-family:''Microsoft YaHei'', u5FAEu8F6Fu96C5u9ED1, Arial, SimSun, u5B8Bu4F53;font-size:16px;line-height:32px;&quot;&gt;&amp;nbsp; &amp;nbsp; &amp;nbsp; 3月13日下午，中共中央总书记、国家主席、中央军委主席习近平出席十二届全国人大四次会议解放军代表团全体会议，并发表重要讲话。&lt;/span&gt;\r\n&lt;/p&gt;\r\n&lt;p&gt;\r\n	&lt;span style=&quot;font-family:''Microsoft YaHei'', u5FAEu8F6Fu96C5u9ED1, Arial, SimSun, u5B8Bu4F53;font-size:16px;line-height:32px;&quot;&gt;&lt;img src=&quot;/upload/2016/03/13/56e519acb12ee.png&quot; alt=&quot;&quot; /&gt;&lt;br /&gt;\r\n&lt;/span&gt;\r\n&lt;/p&gt;', 1457854896, 0),
(12, 22, '&lt;p style=&quot;font-size:16px;font-family:''Microsoft YaHei'', u5FAEu8F6Fu96C5u9ED1, Arial, SimSun, u5B8Bu4F53;&quot;&gt;\r\n	&amp;nbsp; &amp;nbsp; “部长通道”是今年两会一大亮点，成为两会开放透明和善待媒体的一个象征。在这个通道上，以往记者拉着喊着部长接受采访的场景不见了，变为部长主动站出来回应关切，甚至变成部长排队10多分钟等着接受采访。媒体报道称，两会前李克强总理接连两次“发话”，要求各部委主要负责人“要积极回应舆论关切”。部长主动放料，使这个通道上传出了很多新闻，如交通部长对拥堵费传闻的回应，人社部部长称网传延迟退休时间表属误读等。\r\n&lt;/p&gt;\r\n&lt;p style=&quot;font-size:16px;font-family:''Microsoft YaHei'', u5FAEu8F6Fu96C5u9ED1, Arial, SimSun, u5B8Bu4F53;&quot;&gt;\r\n	&amp;nbsp; &amp;nbsp; &amp;nbsp;&amp;nbsp;&lt;img src=&quot;/upload/2016/03/13/56e51b7fcd445.jpg&quot; alt=&quot;&quot; /&gt;\r\n&lt;/p&gt;\r\n&lt;p style=&quot;font-size:16px;font-family:''Microsoft YaHei'', u5FAEu8F6Fu96C5u9ED1, Arial, SimSun, u5B8Bu4F53;&quot;&gt;\r\n	&amp;nbsp; &amp;nbsp; &amp;nbsp; 记者之所以喜欢跑两会，原因之一是两会上高官云集，能“堵”到、“逮”到、“抢”到很多大新闻——现在不需要堵、逮和抢，部长们主动曝料，打通了各种阻隔，树立了开明开放的政府形象。期待“部长通道”不只在两会期间存在，最好能成为一种官媒交流、官民沟通的常态化新闻通道。\r\n&lt;/p&gt;\r\n&lt;p style=&quot;font-size:16px;font-family:''Microsoft YaHei'', u5FAEu8F6Fu96C5u9ED1, Arial, SimSun, u5B8Bu4F53;&quot;&gt;\r\n	&lt;span style=&quot;font-family:''Microsoft YaHei'', u5FAEu8F6Fu96C5u9ED1, Arial, SimSun, u5B8Bu4F53;font-size:16px;line-height:32px;&quot;&gt;部长们多面对媒体多发言，不仅能提高自身的媒介素养，也带动部门新闻发言人，更加重视与媒体沟通。部长直接面对媒体回应关切，还能直接读到民情民生民意，而不是看别人的舆情汇报。&lt;/span&gt;\r\n&lt;/p&gt;', 1457855362, 0),
(13, 23, '&lt;p&gt;\r\n	&lt;span style=&quot;color:#666666;font-family:''Microsoft Yahei'', 微软雅黑, SimSun, 宋体, ''Arial Narrow'', serif;font-size:14px;line-height:28px;background-color:#FFFFFF;&quot;&gt;&amp;nbsp; &amp;nbsp; &amp;nbsp; 2016年3月13日，2016年中超联赛第2轮：重庆力帆vs河南建业，主场美女球迷争芳斗艳。&lt;/span&gt;\r\n&lt;/p&gt;\r\n&lt;p&gt;\r\n	&lt;span style=&quot;color:#666666;font-family:''Microsoft Yahei'', 微软雅黑, SimSun, 宋体, ''Arial Narrow'', serif;font-size:14px;line-height:28px;background-color:#FFFFFF;&quot;&gt;&lt;img src=&quot;/upload/2016/03/13/56e51cb17542e.png&quot; alt=&quot;&quot; /&gt;&lt;img src=&quot;/upload/2016/03/13/56e51cb180f8a.png&quot; alt=&quot;&quot; /&gt;&lt;br /&gt;\r\n&lt;/span&gt;\r\n&lt;/p&gt;', 1457855680, 0),
(14, 24, '<p>\r\n	<br />\r\n</p>\r\n<p>\r\n	新浪体育讯　　北京时间2016年3月12日晚7点35分，2016年中超联赛第2轮的一场比赛在天津水滴体育场进行。由天津泰达主场对阵广州富力。上半场双方机会都不多，<strong>下半场第57分钟，常飞亚左路护住皮球回做，汪嵩迎球直接远射世界波破门。随后天津泰达尽管全力进攻，但伊万诺维奇和迪亚涅都浪费了近在咫尺的机会</strong>，最终不得不0-1主场告负。\r\n</p>\r\n<p>\r\n	<img src="/upload/2016/03/13/56e51f63a5742.png" alt="" width="474" height="301" title="" align="" /> \r\n</p>\r\n<p>\r\n	由于首轮中超对阵北京国安的比赛延期举行，因此本场比赛实际上是天津泰达本赛季的首次亮相。新援蒙特罗领衔锋线，两名外援中后卫均首发出场。另一方面，在首轮主场不敌中超新贵河北华夏之后，本赛季球员流失较多的广州富力也许不得不早早开始他们的保级谋划。本场陈志钊红牌停赛，澳大利亚外援吉安努顶替了上轮首发的肖智。\r\n</p>\r\n<p>\r\n	广州富力显然更快地适应了比赛节奏。第3分钟，吉安努前插领球大步杀入禁区形成单刀，回防的赞纳迪内果断放铲化解险情。第8分钟，雷纳尔迪尼奥左路踩单车过人后低平球传中，约万诺维奇伸出大长腿将球挡出底线。第14分钟，富力队左路传中到远点，聂涛头球解围险些失误，送出本场比赛第一个角球。\r\n</p>\r\n<p>\r\n	天津队中场的配合逐渐找到一些感觉。第23分钟，天津队通过一连串小配合打到左路，周海滨下底传中被挡出底线。角球被富力队顶出后天津队二次将球传到禁区前沿，蒙特罗转身后射门但软弱无力被程月磊得到。第27分钟，约万诺维奇断球后直塞蒙特罗，蒙特罗转身晃开后卫在禁区外大力轰门打高。第29分钟，瓦格纳任意球吊入禁区，程月磊出击失误没有击到球，天津队后点将球再次传中，姜至鹏在对方夹击下奋力将球顶出底线。\r\n</p>\r\n<p>\r\n	双方都没有太好的打开僵局的办法，开始陷入苦战。第33分钟，常飞亚左路晃开空档突然起脚，皮球擦着近门柱稍稍偏出底线。第43分钟，白岳峰被雷纳尔迪尼奥断球得手，后者利用速度甩开约万诺维奇，低平球传中又躲过了赞纳迪内的滑铲，但吉安努门前近在咫尺的推射被杨启鹏神奇地单腿挡出！双方半场只得0-0互交白卷。\r\n</p>\r\n<p>\r\n	中场休息双方都没有换人。第47分钟，蒙特罗前场扣过多名对方队员后将球交给周海滨，但周海滨传中时禁区内的胡人天越位在先。第51分钟，王嘉楠右路晃开聂涛下底，但传中球又高又远。第54分钟，雷纳尔迪尼奥中场拿球挑过李本舰，后者无奈将其放倒吃到黄牌。第57分钟，常飞亚左路护住皮球回做，汪嵩迎球直接远射，杨启鹏鞭长莫及，皮球呼啸着直挂远角！世界波！富力队客场1-0取得领先。\r\n</p>\r\n<p>\r\n	第62分钟，瓦格纳任意球吊到禁区，程月磊再次拿球脱手，幸亏张耀坤将球踢出了边线。天津队率先做出调整，迪亚涅和周通两名前锋登场换下郭皓和瓦格纳。第64分钟，天津队右路传中，周通禁区内甩头攻门，程月磊侧扑将球得到。富力队并未保守。第66分钟，常飞亚左路连续盘带杀入禁区，小角度射门打偏。不过一分钟，雷纳尔迪尼奥禁区右角远射，皮球在门前反弹后稍稍偏出。\r\n</p>\r\n<p>\r\n	第71分钟，吉安努禁区角上回做，常飞亚跟进远射，杨启鹏单掌将球托出。天津队马上打出反击，蒙特罗禁区内转身将球分到右路，胡人天的传中找到后排插上的周海滨，但后者的大力头球顶得太正被程月磊侯个正着。富力队肖智换下卢琳。第74分钟，迪亚涅依靠强壮的身体杀入禁区直塞，蒙特罗停球后射门被密集防守的后卫挡出。\r\n</p>\r\n<p>\r\n	于洋换下雷纳尔迪尼奥，富力队加强防守。第81分钟，天津队角球开出，迪亚涅甩头攻门顶偏。天津队连续得到角球机会。第85分钟，天津队角球二次进攻，周通传中，蒙特罗后点头球回做，约万诺维奇离门不到两米处转身扫射竟然将球踢飞！\r\n</p>\r\n<div id="ad_33" class="otherContent_01" style="margin:10px 20px 10px 0px;padding:4px;">\r\n	<iframe width="300px" height="250px" frameborder="0" src="http://img.adbox.sina.com.cn/ad/28543.html">\r\n	</iframe>\r\n</div>\r\n<p>\r\n	天津队范柏群换下李本舰。富力队用宁安换下常飞亚。第88分钟，胡人天战术犯规吃到黄牌。天津队久攻不下，第90分钟，赞纳迪内40米开外远射打偏。第93分钟，蒙特罗左路传中，迪亚涅头球争顶下来之后顺势扫射，皮球贴着横梁高出。广州富力最终将优势保持到了终场取得三分。\r\n</p>\r\n<p>\r\n	进球信息：\r\n</p>\r\n<p>\r\n	天津泰达：无。\r\n</p>\r\n<p>\r\n	广州富力：第58分钟，卢琳左路回做，汪嵩跟上远射破网。\r\n</p>\r\n<p>\r\n	黄牌信息：\r\n</p>\r\n<p>\r\n	天津泰达：第54分钟，李本舰。第88分钟，胡人天。\r\n</p>\r\n<p>\r\n	广州富力：无。\r\n</p>\r\n<p>\r\n	红牌信息：\r\n</p>\r\n<p>\r\n	无。\r\n</p>\r\n<p>\r\n	双方出场阵容：\r\n</p>\r\n<p>\r\n	天津泰达（4-5-1）：29-杨启鹏，23-聂涛、3-赞纳迪内、5-约万诺维奇、19-白岳峰，6-周海滨、7-李本舰（86分钟，28-范柏群）、8-胡人天、11-瓦格纳（63分钟，9-迪亚涅）、22-郭皓（63分钟，33-周通），10-蒙特罗；\r\n</p>\r\n<p>\r\n	广州富力（4-5-1）：1-程月磊，11-姜至鹏、5-张耀坤、22-张贤秀、28-王嘉楠，7-斯文森、21-常飞亚（88分钟，15-宁安）、23-卢琳（73分钟，29-肖智）、31-雷纳尔迪尼奥（77分钟，3-于洋）、33-汪嵩，9-吉安努。\r\n</p>\r\n<p>\r\n	（卢小挠）\r\n</p>\r\n<div>\r\n</div>\r\n<div style="font-size:0px;">\r\n</div>\r\n<p>\r\n	<br />\r\n</p>', 1457856460, 0),
(15, 35, '你好你好你好你好', 1470214949, 0),
(16, 36, '胡家园，胡家园胡家园', 1470215453, 0),
(17, 37, '大放大', 1470275722, 0),
(18, 38, '大放大', 1470301471, 0),
(19, 39, '大放大', 1470301494, 0),
(20, 40, '大放大', 1470301544, 0),
(21, 41, '大放大', 1470301903, 0),
(22, 42, '&lt;p&gt;\r\n	再生元（$REGN）和赛诺菲（$SNY）对他们治疗特应性皮炎的潜在重磅药物dupilumab使用了优先评审券。自从再生元和赛诺菲发布令人印象深刻的III期临床数据，并获得突破疗法认定之后，IL-4和IL-13抗体抑制剂的优先评审资格证实了之前的怀疑。\r\n&lt;/p&gt;\r\n&lt;p&gt;\r\n	&lt;br /&gt;\r\n&lt;/p&gt;\r\n&lt;p&gt;\r\n	&lt;strong&gt;III期临床试验数据&lt;/strong&gt;\r\n&lt;/p&gt;\r\n&lt;p&gt;\r\n	&lt;br /&gt;\r\n&lt;/p&gt;\r\n&lt;p&gt;\r\n	再\r\n生元和赛诺菲的治疗中度至重度特应性皮炎药物的上市申请基于今年早些时候公布的三个III期临床试验。该项目将由至少5个III期临床试验组成，首个\r\nIII期研究（LIBERTY AD \r\nCHRONOS）招募了700例中度至重度特应性皮炎（AD）成人患者，主要终点是调查dupilumab结合外用皮质类固醇治疗中度至重度特应性皮炎\r\n（AD）的疗效（16周），次要终点是评估dupilumab的长期安全性及有效性（52周）。\r\n&lt;/p&gt;\r\n&lt;p&gt;\r\n	&lt;br /&gt;\r\n&lt;/p&gt;\r\n&lt;p&gt;\r\n	这些临床研究数据表明，抗体优于安慰剂和清除皮肤病变的标准护理。并且重要的是，这些数据淡化了对dupilumab安全性的担忧。Dupilumab队列和安慰剂队列相比，安慰剂队列严重不良事件和感染在更常见。\r\n&lt;/p&gt;\r\n&lt;p&gt;\r\n	&lt;br /&gt;\r\n&lt;/p&gt;\r\n&lt;p&gt;\r\n	&lt;strong&gt;Ⅰ期和Ⅱ期临床试验数据&lt;/strong&gt;\r\n&lt;/p&gt;\r\n&lt;p&gt;\r\n	&lt;br /&gt;\r\n&lt;/p&gt;\r\n&lt;p&gt;\r\n	dupilumab在一期临床和二期临床中均表现良好。尤其在为期12周的二期临床研究中，有74%参与者中湿疹面积严重指数下降，而对照组只有23%的减少。并且在参与试验的患者中，大部分的症状都得到显著改善。\r\n&lt;/p&gt;\r\n&lt;p&gt;\r\n	&lt;br /&gt;\r\n&lt;/p&gt;\r\n&lt;p&gt;\r\n	&lt;strong&gt;关于dupilumab&lt;/strong&gt;\r\n&lt;/p&gt;\r\n&lt;p&gt;\r\n	&lt;br /&gt;\r\n&lt;/p&gt;\r\n&lt;p&gt;\r\n	2014年7月9日《新英格兰杂志》（NEJM）公布dupilumab药物的研究成果，研究人员发现该药物能用于治疗最常见的皮肤病，如湿疹或特应性皮炎。\r\n&lt;/p&gt;\r\n&lt;p&gt;\r\n	&lt;br /&gt;\r\n&lt;/p&gt;\r\n&lt;p&gt;\r\n	dupilumab主要作用机理是阻断两种参与了炎症反应的关键蛋白的作用，这两种关键蛋白即白细胞介素-4和白细胞介素-13，这对于特应性皮炎（AD）意义重大。\r\n&lt;/p&gt;\r\n&lt;p&gt;\r\n	&lt;br /&gt;\r\n&lt;/p&gt;\r\n&lt;p&gt;\r\n	&lt;strong&gt;关于AD&lt;/strong&gt;\r\n&lt;/p&gt;\r\n&lt;p&gt;\r\n	&lt;br /&gt;\r\n&lt;/p&gt;\r\n&lt;p&gt;\r\n	AD是一种常见的皮肤病，常给患者带来不舒适的感觉，比如严重的干性皮肤，引发形成硬壳或渗出飞红色病变，导致皮肤增厚，剧烈瘙痒等，这些症状都有可能带来皮肤创伤、感染和睡眠障碍。AD常常自婴幼儿发病，部分患者延续终生。\r\n&lt;/p&gt;\r\n&lt;p&gt;\r\n	&lt;br /&gt;\r\n&lt;/p&gt;\r\n&lt;p&gt;\r\n	中\r\n度到重度的AD是一种更常见的慢性疾病，通常具有更多的系统性特点，超过3%的成年人患者都出现的特点。AD能影响患者的能力和生活，而且也会导致出现哮\r\n喘及其他过敏性疾病，如花粉热等。目前针对AD的资料方法主要包括外用和口服的类固醇药物，或者光疗。但是这些治疗方法的疗效有限，或者长期使用副作用明\r\n显。\r\n&lt;/p&gt;', 1474991483, 0),
(23, 43, '&lt;p style=&quot;font-size:16px;text-indent:2em;&quot;&gt;\r\n	&lt;img alt=&quot;&quot; src=&quot;http://www.120news.org/uploads/allimg/160912/1J02K355-0.jpg&quot; style=&quot;border:0px;width:550px;height:367px;&quot; /&gt;\r\n&lt;/p&gt;\r\n&lt;p style=&quot;font-size:16px;text-align:left;text-indent:2em;&quot;&gt;\r\n	为了贯彻落实《关于科技扶贫精准脱贫实施意见》，扎实推进定点扶贫县脱贫攻坚科技需求和精准扶贫工作，促进定点扶贫县经济社会发展。9月3日上午，由国家科技部主办，省科技厅承办的健康医疗科技精准对接会暨陕西省国家临床医学研究中心网络成员单位签约和授牌仪式在西安召开。省科技厅副厅长林黎明致辞,国家科技部社发司生物医药处处长张兆丰、国家卫计委科教司重大专项处处长刑若齐出席并讲话，首都医科大学附属&lt;a href=&quot;http://www.120news.org/a/yiyuan/&quot; target=&quot;_blank&quot;&gt;&lt;u&gt;医院&lt;/u&gt;&lt;/a&gt;北京天坛&lt;a href=&quot;http://www.120news.org/a/yiyuan/&quot; target=&quot;_blank&quot;&gt;&lt;u&gt;医院&lt;/u&gt;&lt;/a&gt;副院长张力伟、第29届陕西扶贫团执行团长唐玉立、佳县人民&lt;a href=&quot;http://www.120news.org/a/yiyuan/&quot; target=&quot;_blank&quot;&gt;&lt;u&gt;医院&lt;/u&gt;&lt;/a&gt;院长王玉才、柞水县人民&lt;a href=&quot;http://www.120news.org/a/yiyuan/&quot; target=&quot;_blank&quot;&gt;&lt;u&gt;医院&lt;/u&gt;&lt;/a&gt;院长党东章分别进行了表态发言。对接会和签约授牌仪式由国家科技部科技扶贫团成员敖翼处长主持。\r\n&lt;/p&gt;\r\n&lt;p style=&quot;font-size:16px;text-indent:2em;&quot;&gt;\r\n	&lt;img alt=&quot;&quot; src=&quot;http://www.120news.org/uploads/allimg/160912/1J02JI6-1.jpg&quot; style=&quot;border:0px;width:550px;height:367px;&quot; /&gt;\r\n&lt;/p&gt;\r\n&lt;p style=&quot;font-size:16px;text-align:left;text-indent:2em;&quot;&gt;\r\n	会议指出，自1986年科技部启动定点科技扶贫工作以来，通过开展调研、选派优秀干部挂职、项目倾斜支持等方式，有力推动了佳县红枣、白绒山羊，柞水旅游、中药材，紫阳富硒产业的转型升级，较好地促进了当地经济社会发展。这次科技部又整合国家临床医学研究中心的力量，对口开展健康医疗科技精准扶贫工作，进行签约和授牌，对提高三个贫困县的医疗水平、诊疗手段、服务质量，加快脱贫步伐，打赢脱贫攻坚战具有重要的意义。\r\n&lt;/p&gt;\r\n&lt;p style=&quot;font-size:16px;text-indent:2em;&quot;&gt;\r\n	&lt;img alt=&quot;&quot; src=&quot;http://www.120news.org/uploads/allimg/160912/1J02HV0-2.jpg&quot; style=&quot;border:0px;width:550px;height:367px;&quot; /&gt;\r\n&lt;/p&gt;\r\n&lt;p style=&quot;font-size:16px;text-align:left;text-indent:2em;&quot;&gt;\r\n	会议强调，“因病致贫，因病返贫”已成为贫困地区重要的致贫原因和返贫因素。今年4月，习近平总书记在安徽省金寨县调研时指出，因病致贫、因病返贫问题时有发生，扶贫机制要进一步完善兜底措施。习总书记的讲话，为进一步做好扶贫工作指明了方向，提供了遵循。各级要充分认清当前的新形势、新格局和新要求，坚持以人为本，找准健康医疗科技精准对接点，认真抓好签约各项工作的落实，确保惠及当地百姓，早日脱贫致富，走进小康社会行列。要积极发挥国家临床医学研究中心和协同研究网络的引领、带动和普及作用，加大人员培训、专家会诊、科研项目、诊疗指南和规范推广应用等合作力度，积极探索面向贫困地区健康医疗科技精准对接机制，构建新型的医学创新体系。三个贫困县&lt;a href=&quot;http://www.120news.org/a/yiyuan/&quot; target=&quot;_blank&quot;&gt;&lt;u&gt;医院&lt;/u&gt;&lt;/a&gt;要以这次签约授牌为契机，与国家临床医学研究中心相关依托单位建立长期的联系机制，向发达地区、先进地区的大&lt;a href=&quot;http://www.120news.org/a/yiyuan/&quot; target=&quot;_blank&quot;&gt;&lt;u&gt;医院&lt;/u&gt;&lt;/a&gt;、大专家教授请教，学习先进的技术和经验，不断提高医疗水平，服务和辐射当地百姓，造福一方。\r\n&lt;/p&gt;\r\n&lt;p style=&quot;font-size:16px;text-indent:2em;&quot;&gt;\r\n	&lt;img alt=&quot;&quot; src=&quot;http://www.120news.org/uploads/allimg/160912/1J02I362-3.jpg&quot; style=&quot;border:0px;width:550px;height:367px;&quot; /&gt;\r\n&lt;/p&gt;\r\n&lt;p style=&quot;font-size:16px;text-align:left;text-indent:2em;&quot;&gt;\r\n	会议要求，签约双方要认真履行职责，为贫困地区人民健康保驾护航，进一步加强沟通联系，优化资源配置方式，创新组织管理模式，建立多渠道稳定支持机制，做到信息互通、技术互用、成果互享，不断促进共同发展。\r\n&lt;/p&gt;\r\n&lt;p style=&quot;font-size:16px;text-align:left;text-indent:2em;&quot;&gt;\r\n	国家科技部、国家卫计委相关司处人员，国家临床医学研究中心的代表第四军医大学西京&lt;a href=&quot;http://www.120news.org/a/yiyuan/&quot; target=&quot;_blank&quot;&gt;&lt;u&gt;医院&lt;/u&gt;&lt;/a&gt;、首都医科大学附属&lt;a href=&quot;http://www.120news.org/a/yiyuan/&quot; target=&quot;_blank&quot;&gt;&lt;u&gt;医院&lt;/u&gt;&lt;/a&gt;北京天坛&lt;a href=&quot;http://www.120news.org/a/yiyuan/&quot; target=&quot;_blank&quot;&gt;&lt;u&gt;医院&lt;/u&gt;&lt;/a&gt;、中南大学湘雅二院、中国医学科学院阜外心血管病&lt;a href=&quot;http://www.120news.org/a/yiyuan/&quot; target=&quot;_blank&quot;&gt;&lt;u&gt;医院&lt;/u&gt;&lt;/a&gt;、中国人民解放军总&lt;a href=&quot;http://www.120news.org/a/yiyuan/&quot; target=&quot;_blank&quot;&gt;&lt;u&gt;医院&lt;/u&gt;&lt;/a&gt;相关领导和专家，榆林市、商洛市、安康市科技局负责人，佳县、柞水县、紫阳县政府分管领导以及科技局、卫计局主要负责人，三个县的人民&lt;a href=&quot;http://www.120news.org/a/yiyuan/&quot; target=&quot;_blank&quot;&gt;&lt;u&gt;医院&lt;/u&gt;&lt;/a&gt;院长参加了会议和签约授牌仪式。\r\n&lt;/p&gt;', 1475482380, 0),
(24, 44, '&lt;br /&gt;\r\n&lt;p style=&quot;text-align:center;&quot;&gt;\r\n	&lt;a href=&quot;http://s4.51cto.com/wyfs02/M00/88/13/wKiom1fo3qHCJ-oYAAcTI5d-_vc185.png&quot; target=&quot;_blank&quot;&gt;&lt;img src=&quot; width=&quot; alt=&quot;激变云时代 中国&lt;a href=&quot; height=&quot;600&quot; border=&quot;0&quot; /&gt;&lt;/a&gt;&amp;nbsp;\r\n&lt;/p&gt;\r\n&lt;p&gt;\r\n	十年前，我们不知道云是什么，十年后的今天，随着技术的不断成熟与发展，各行各业都在朝着云方向发展。\r\n&lt;/p&gt;\r\n&lt;p&gt;\r\n	上云这件事讨论了很多年，今年特别火，现在是否到了医院上云的最佳时机，医院在上云过程中是否还存在哪些挑战?2016年9月23日下午，在由中国数字医疗网携手中关村移动互联网产业联盟&lt;a href=&quot;http://special.hc3i.cn/&quot;&gt;&lt;span&gt;移动医疗&lt;/span&gt;&lt;/a&gt;专委会组织的“2016数字医疗健康生态大会暨第三届移动医疗产业论坛”期间，组织开展了“激变云时代”2016医院上云辩论赛。\r\n&lt;/p&gt;\r\n&lt;p style=&quot;text-align:center;&quot;&gt;\r\n	&lt;a href=&quot;http://s4.51cto.com/wyfs02/M02/88/13/wKiom1fo35rypWS4AADkH2W-Hxo823.jpg&quot; target=&quot;_blank&quot;&gt;&lt;img src=&quot;http://s4.51cto.com/wyfs02/M02/88/13/wKiom1fo35rypWS4AADkH2W-Hxo823.jpg&quot; alt=&quot;医院上云辩论赛现场&quot; height=&quot;399&quot; width=&quot;600&quot; border=&quot;0&quot; /&gt;&lt;/a&gt;&lt;br /&gt;\r\n&lt;span style=&quot;color:#808080;&quot;&gt;辩论赛现场&lt;/span&gt;\r\n&lt;/p&gt;\r\n&lt;p&gt;\r\n	&lt;span style=&quot;color:#0000FF;&quot;&gt;&lt;strong&gt;&lt;span style=&quot;font-size:larger;&quot;&gt;正方观点：医疗云来袭，医院应该上云&lt;/span&gt;&lt;/strong&gt;&lt;/span&gt;\r\n&lt;/p&gt;\r\n&lt;p style=&quot;text-align:center;&quot;&gt;\r\n	&lt;a href=&quot;http://s4.51cto.com/wyfs02/M00/88/13/wKiom1fo3XPzIUBOAAE4sFEyCtg780.jpg&quot; target=&quot;_blank&quot;&gt;&lt;img src=&quot;http://s4.51cto.com/wyfs02/M00/88/13/wKiom1fo3XPzIUBOAAE4sFEyCtg780.jpg&quot; alt=&quot;&quot; height=&quot;468&quot; width=&quot;600&quot; border=&quot;0&quot; /&gt;&lt;/a&gt;&lt;br /&gt;\r\n&lt;span style=&quot;color:#808080;&quot;&gt;正方一辩北京协和医院信息管理处高级工程师孟晓阳&lt;/span&gt;\r\n&lt;/p&gt;\r\n&lt;p style=&quot;text-align:center;&quot;&gt;\r\n	&lt;span style=&quot;color:#808080;&quot;&gt;正方二辩中国中医科学院信息中心主任刘剑&lt;/span&gt;\r\n&lt;/p&gt;\r\n&lt;p style=&quot;text-align:center;&quot;&gt;\r\n	&lt;span style=&quot;color:#808080;&quot;&gt;正方三辩首都医科大学附属北京胸科医院信息中心主任曹建&lt;/span&gt;\r\n&lt;/p&gt;\r\n&lt;p&gt;\r\n	生产工具是决定生产力的重要条件，技术的先进使我们拥有了更好的生产工具，对于医院来讲，云技术作为新的生产工具有助于推动医院生产力的发展。正方从互联网+趋势下的数据共享、云技术的先进性等方面阐述了医院为什么应该上云。同时从医院上云后，医院的经济效益提升、整体运维成本下降、医院信息中心压力减轻等方面进行了详细阐述。\r\n&lt;/p&gt;\r\n&lt;p&gt;\r\n	&lt;span style=&quot;color:#0000FF;&quot;&gt;&lt;span style=&quot;font-size:larger;&quot;&gt;&lt;strong&gt;反方观点：医疗云来袭，医院应该谨慎上云&lt;/strong&gt;&lt;/span&gt;&lt;/span&gt;\r\n&lt;/p&gt;\r\n&lt;p style=&quot;text-align:center;&quot;&gt;\r\n	&lt;a href=&quot;http://s2.51cto.com/wyfs02/M01/88/0F/wKioL1fo3cqSqrZ8AAEHN_XtGf0233.jpg&quot; target=&quot;_blank&quot;&gt;&lt;img src=&quot;http://s2.51cto.com/wyfs02/M01/88/0F/wKioL1fo3cqSqrZ8AAEHN_XtGf0233.jpg&quot; alt=&quot;&quot; height=&quot;423.574144487&quot; width=&quot;600&quot; border=&quot;0&quot; /&gt;&lt;/a&gt;&lt;br /&gt;\r\n&lt;span style=&quot;color:#808080;&quot;&gt;反方一辩第四军医大学第一附属医院(西京医院)数字化中心主任蒋昆&lt;/span&gt;\r\n&lt;/p&gt;\r\n&lt;p style=&quot;text-align:center;&quot;&gt;\r\n	&lt;span style=&quot;color:#808080;&quot;&gt;反方二辩首都医科大学附属北京朝阳医院信息中心高级工程师孙立淼&lt;/span&gt;\r\n&lt;/p&gt;\r\n&lt;p style=&quot;text-align:center;&quot;&gt;\r\n	&lt;span style=&quot;color:#808080;&quot;&gt;反方三辩石家庄市第三医院信息中心主任李轶&amp;nbsp;&lt;/span&gt;\r\n&lt;/p&gt;\r\n&lt;p&gt;\r\n	反方认为云技术固然好，但是眼下医疗机构第一考虑的是安全稳定业务不中断，是如何保证业务能够正常开展。另外，反方认为云计算不是提高医疗机构生产力的唯一途径。大家都很清楚打车业务非常单一，作为医院来说业务系统非常复杂，一些大型医院操作系统四五百台，业务相当复杂，都把这些系统搬到云上是需要谨慎的。\r\n&lt;/p&gt;\r\n&lt;p&gt;\r\n	&lt;span style=&quot;color:#0000FF;&quot;&gt;&lt;span style=&quot;font-size:larger;&quot;&gt;&lt;strong&gt;评委意见：你上或不上，云就在那里&lt;/strong&gt;&lt;/span&gt;&lt;/span&gt;\r\n&lt;/p&gt;\r\n&lt;p style=&quot;text-align:center;&quot;&gt;\r\n	&lt;a href=&quot;http://s2.51cto.com/wyfs02/M00/88/13/wKiom1fo3Uzh764mAAETdAs7QUo741.jpg&quot; target=&quot;_blank&quot;&gt;&lt;img src=&quot;http://s2.51cto.com/wyfs02/M00/88/13/wKiom1fo3Uzh764mAAETdAs7QUo741.jpg&quot; alt=&quot;&quot; height=&quot;477&quot; width=&quot;600&quot; border=&quot;0&quot; /&gt;&lt;/a&gt;&lt;br /&gt;\r\n&lt;span style=&quot;color:#808080;&quot;&gt;担任本次辩论赛的评委是从左到右依次为无锡市人民医院刘喻&lt;/span&gt;\r\n&lt;/p&gt;\r\n&lt;p style=&quot;text-align:center;&quot;&gt;\r\n	&lt;span style=&quot;color:#808080;&quot;&gt;泰达国际心血管病医院信息部主任 李军&lt;/span&gt;\r\n&lt;/p&gt;\r\n&lt;p style=&quot;text-align:center;&quot;&gt;\r\n	&lt;span style=&quot;color:#808080;&quot;&gt;山东省立医院(集团)信息网络中心主任包国峰&lt;/span&gt;\r\n&lt;/p&gt;\r\n&lt;p&gt;\r\n	“你上不上云，云就在那里，而且会越来越多，越来越大。医疗云的来袭，一定不是狂风暴雨式的，一定是伴随医改的政策和分级诊疗的需求而来的一场春雨，润物细无声的春雨。”山东省立医院信息中心主任包国峰在最后点评中对本次辩论赛给予了高度评价，他认为，作为&lt;a href=&quot;http://news.hc3i.cn/market/&quot;&gt;&lt;span&gt;医疗信息化&lt;/span&gt;&lt;/a&gt;行业首次辩论赛，本次活动的辩手表现非常精彩。  天津泰达心血管医院信息中心主任李军认为，通过这种形式，一定会带动整个医疗信息化行业的思辩的能力和精神，也一定会促进我们医疗信息化的发展。\r\n&lt;/p&gt;\r\n&lt;p&gt;\r\n	&lt;span style=&quot;color:#0000FF;&quot;&gt;&lt;span style=&quot;font-size:larger;&quot;&gt;&lt;strong&gt;上云观点抢先看：&lt;/strong&gt;&lt;/span&gt;&lt;/span&gt;\r\n&lt;/p&gt;\r\n&lt;p&gt;\r\n	孟晓阳：云的安全性不是问题，你家存款放在家里还是放在银行?\r\n&lt;/p&gt;\r\n&lt;p&gt;\r\n	蒋昆：信息化对医院业务的支撑要求首先是安全稳定业务不中断。\r\n&lt;/p&gt;\r\n&lt;p&gt;\r\n	刘剑：基于互联网+趋势，数据共享是必然，只有云才能满足医患双方对数据的需求和方式。\r\n&lt;/p&gt;\r\n&lt;p&gt;\r\n	孙立淼：从成本上来说上云是非常不划算的，云的租赁费用虽然不高，但是网络链路的负担很重。\r\n&lt;/p&gt;\r\n&lt;p&gt;\r\n	曹建：公立医院上云不能考虑商业云，只能考虑行业云和政务云，这两部分也算做我们公有云的部分。\r\n&lt;/p&gt;\r\n李轶：医院把业务和系统放在云上面，有没有可能被他们所绑架', 1475565230, 0),
(25, 45, '&lt;p style=&quot;text-align:left;&quot;&gt;\r\n	继与北京金山云网络技术有限公司（简称金山云）共同推出“医疗混合云解决方案--智医云”，助力我国首家三甲医院“漫步云端”后，北大医疗信息技术有限公司（简称北大医信）再次携手金山云，与上海产业技术研究院（简称产研院）开启战略合作，启动“&lt;a href=&quot;http://news.hc3i.cn/col/3/list_3_1.htm&quot;&gt;&lt;span&gt;智慧医疗&lt;/span&gt;&lt;/a&gt;、生物医学&lt;a href=&quot;http://news.hc3i.cn/tech/&quot;&gt;&lt;span&gt;大数据&lt;/span&gt;&lt;/a&gt;和云计算创新伙伴计划”。签约仪式10月28日在上海产业技术研究院金桥基地举行，方正信产集团副总裁、北大医信CEO陈中阳，金山软件CEO兼金山云CEO张宏江，上海产业技术研究院院长钮晓鸣代表三方签署战略合作协议。\r\n&lt;/p&gt;\r\n&lt;p style=&quot;text-align:center;&quot;&gt;\r\n	&lt;a href=&quot;http://images.hc3i.cn/files/uploadimg/20151030/1821540.jpg&quot; target=&quot;_blank&quot;&gt;&lt;img alt=&quot;&quot; src=&quot;http://images.hc3i.cn/files/uploadimg/20151030/1821540.jpg&quot; height=&quot;178&quot; width=&quot;400&quot; border=&quot;0&quot; /&gt;&lt;/a&gt;&lt;br /&gt;\r\n&lt;i&gt;方正信产集团副总裁、北大医信CEO陈中阳（右），金山软件CEO兼金山云CEO张宏江（中），上海产业技术级研究院院长钮晓鸣（左）代表三方签署协议&lt;/i&gt;\r\n&lt;/p&gt;\r\n&lt;p&gt;\r\n	根据协议，北大医信、上海产研院和金山云将按照“资源联动、优势互补、融合发展、合作共赢”的基本原则，根据国家战略和智慧医疗产业发展目标和需求，有效整合三方在智慧医疗、生物医学大数据和云计算领域的研发与资源优势，通过紧密合作与协同创新，推进我国“智慧医疗、生物医学大数据和云计算”等领域取得新突破。\r\n&lt;/p&gt;\r\n&lt;p&gt;\r\n	三方宣布将通过建立合作联盟的形式，在上海浦东地区选择一批医疗机构作为试点单位，在国家科技部、上海市和浦东新区政府的指导下，根据国家科技部研发计划、上海市大数据产业技术发展计划，努力在医院海量临床信息的结构化建设、海量人群健康信息收集和与基因信息的集成整合，“智慧和精准健康”海量信息和数据的云存储和云计算等方面取得突破，探索新路，大力推进浦东地区及上海市“智慧和精准健康”医学信息化基础设施的建设工作。\r\n&lt;/p&gt;\r\n&lt;p style=&quot;text-align:center;&quot;&gt;\r\n	&lt;a href=&quot;http://images.hc3i.cn/files/uploadimg/20151030/1821541.jpg&quot; target=&quot;_blank&quot;&gt;&lt;img alt=&quot;&quot; src=&quot;http://images.hc3i.cn/files/uploadimg/20151030/1821541.jpg&quot; height=&quot;266&quot; width=&quot;400&quot; border=&quot;0&quot; /&gt;&lt;/a&gt;&lt;br /&gt;\r\n&lt;i&gt;出席签约仪式的三方公司代表&lt;/i&gt;\r\n&lt;/p&gt;\r\n&lt;p&gt;\r\n	方正信产集团副总裁、北大医信CEO陈中阳表示，北大医信与金山云和上海产研院有着良好的合作基础，北大医信与金山云共同推出的“医疗混合云解决方案”，成功助力北大人民医院“漫步云端”，开启了&lt;a href=&quot;http://news.hc3i.cn/market/&quot;&gt;&lt;span&gt;医疗信息化&lt;/span&gt;&lt;/a&gt;建设的后CDR时代。而北大医信与上海产研院在技术开发、科研成果产业化、产业技术创新平台建设、产业技术人才队伍建设方面的一系列合作，也都取得了突破性的进展。陈中阳强调，北大医信将以此次三方战略合作为契机，将公司长期以来在医疗大数据、云计算和&lt;a href=&quot;http://special.hc3i.cn/&quot;&gt;&lt;span&gt;移动医疗&lt;/span&gt;&lt;/a&gt;等方面的研究成果，正式推向上海市场，力争为上海经济发展注入新活力，为上海“智慧医疗”产业创新发展提供更好的服务和支撑。\r\n&lt;/p&gt;\r\n&lt;p&gt;\r\n	金山软件CEO兼金山云CEO张宏江表示，此前，金山云进军医疗云领域，联手北大医信推出“金山医云”产品，充分发挥在大规模云计算环境下的高可用、高可靠、动态调配、动态扩展等云服务优势，帮助医疗机构降低成本，享受更好的医疗IT服务，成效显著。金山云医疗云服务将为医疗机构提供云上医院、医院云化、区域医疗云三套医疗架构整体解决方案，通过医疗云服务平台支撑，搭建大数据的存储，挖掘和集群计算体系及业务信息系统的安全支撑体系。\r\n&lt;/p&gt;\r\n&lt;p&gt;\r\n	上海产业技术研究院院长钮晓鸣表示，产研院将充分依托北大医信雄厚的研发能力，以及在全国30省、市、自治区的医院信息化建设的丰富经验，依托金山云在云计算资源与技术支撑，在医院信息化云技术服务方面的成熟经验和技术积累，在上海大力开展基于移动互联、云计算、可穿戴设备、物联网、“互联网+”等技术的，面向“智慧和精准健康”应用和产业转化的推进工作。\r\n&lt;/p&gt;\r\n&lt;p&gt;\r\n	据悉，北大医信前身众邦慧智，是中国首家专注医疗信息化的企业，依托北京大学和方正集团，20余年助力HIT产业发展，是国内最大的&lt;a href=&quot;http://news.hc3i.cn/col/221/&quot;&gt;&lt;span&gt;数字化医院&lt;/span&gt;&lt;/a&gt;和区域医疗卫生解决方案提供商和服务商之一。\r\n&lt;/p&gt;\r\n&lt;p&gt;\r\n	金山云近年来大力介入医疗健康云服务，是国内领先的云计算服务商和国内最大的云存储服务商，金山云今年开启互联网和政企业务领域新格局，成为多家互联网公司、政府机构、央企、医疗企业的首选。\r\n&lt;/p&gt;\r\n&lt;p&gt;\r\n	产研院是上海市委市政府确定的上海市大数据产业技术发展规划的制定者和操盘手，以推进产业发展为根本任务，面向国家战略和上海战略性新兴产业发展，推进产业技术创新和产业化。目前，产研院已将“智慧和精准健康”作为“十三五”重点发展任务之一。\r\n&lt;/p&gt;\r\n&lt;p&gt;\r\n	今后，三方将通过战略合作，全面提升整体技术创新能力和产业服务能力，立足合作成果，着力拓展建立新技术、新业态和新模式，促进合作成果的推广、应用与发展，大力推进“智慧和精准健康”产业发展，助力我国HIT产业建设。\r\n&lt;/p&gt;', 1475565577, 0);
INSERT INTO `cms_news_content` (`id`, `news_id`, `content`, `create_time`, `update_time`) VALUES
(26, 46, '&lt;p class=&quot;p&quot; style=&quot;text-indent:24.0000pt;&quot;&gt;\r\n	新的时代背景下，医院的信息化建设和管理都发生了很大的变化，其中信息数据呈现出数据信息量大、管理复杂等方面的特点，需要医院利用云计算等新技术对数据信息进行全面管理，为医院信息管理创造更好的条件，确保信息化管理能够符合&lt;a href=&quot;http://news.hc3i.cn/tech/&quot;&gt;&lt;span&gt;大数据&lt;/span&gt;&lt;/a&gt;时代对医院的信息化需求。&lt;img src=&quot;file://C:/Users/ADMINI%7E1/AppData/Local/Temp/ksohtml/wps403A.tmp.png&quot; alt=&quot;&quot; /&gt;\r\n&lt;/p&gt;\r\n&lt;p style=&quot;text-align:center;&quot;&gt;\r\n	&lt;a href=&quot;http://s3.51cto.com/wyfs02/M01/85/EF/wKiom1ev3-ORjr0bAAIPdqI9Z88835.png&quot; target=&quot;_blank&quot;&gt;&lt;img src=&quot;http://s3.51cto.com/wyfs02/M01/85/EF/wKiom1ev3-ORjr0bAAIPdqI9Z88835.png&quot; alt=&quot;&quot; height=&quot;338&quot; width=&quot;600&quot; border=&quot;0&quot; /&gt;&lt;/a&gt;\r\n&lt;/p&gt;\r\n&lt;p&gt;\r\n	8月12日，由中国&lt;a href=&quot;http://www.hc3i.cn/newsletter/&quot;&gt;&lt;span&gt;数字医疗&lt;/span&gt;&lt;/a&gt;网主办，爱普生（中国）有限公司（以下简称：爱普生）协办的“现代医院数字化建设新趋势——大数据时代的&lt;a href=&quot;http://news.hc3i.cn/market/&quot;&gt;&lt;span&gt;医疗信息化&lt;/span&gt;&lt;/a&gt;”的主题沙龙在清华大学附属长庚医院（以下简称：清华长庚医院）举办。此次学术沙龙活动邀请到清华长庚医院信息管理处处长刘海一、北京协和医院信息管理处应用组负责人朱雯、首都医科大学宣武医院（以下简称：宣武医院）信息中心总工程师费晓璐、中国人民解放军总医院（301医院）计算机室主任刘敏超以及北京地区30余名医疗机构代表共同探讨大数据时代的医疗信息化建设。\r\n&lt;/p&gt;\r\n&lt;p&gt;\r\n	&lt;span style=&quot;color:#0000FF;&quot;&gt;&lt;span style=&quot;font-size:larger;&quot;&gt;&lt;strong&gt;夯实根基 建设一体化集成体系医院信息系统&lt;/strong&gt;&lt;/span&gt;&lt;/span&gt;\r\n&lt;/p&gt;\r\n&lt;p&gt;\r\n	大数据时代医院信息管理模式会逐步向平台化的模式转变，医院信息系统基础架构设计方面需要进行多样化的平台管理，确保数据平台能够满足信息处理的求，提高信息的获取能力，对有价值的数据信息进行全面的分析和管理，提高数据信息的综合控制和管理水平，为数据信息的全面创新创造良好的条件。\r\n&lt;/p&gt;\r\n&lt;p&gt;\r\n	清华长庚医院于2014年11月28日建成运营，在医院筹备期间，从2012年——2014年，经过近3年的工作完成了医院信息系统的构建与测试。医院信息系统基本覆盖了医疗业务、运营管理、患者服务各个部分，特备注重医疗流程各个环节信息的共享；医疗信息与患者服务信息的衔接；运营管理各个环节的信息共享与相互制约。&lt;img src=&quot;file://C:/Users/ADMINI%7E1/AppData/Local/Temp/ksohtml/wps404B.tmp.png&quot; alt=&quot;&quot; /&gt;\r\n&lt;/p&gt;\r\n&lt;p style=&quot;text-align:center;&quot;&gt;\r\n	&lt;a href=&quot;http://s1.51cto.com/wyfs02/M01/85/EF/wKioL1ev4BnypCOiAAJaAZazFVA575.png&quot; target=&quot;_blank&quot;&gt;&lt;img src=&quot;http://s1.51cto.com/wyfs02/M01/85/EF/wKioL1ev4BnypCOiAAJaAZazFVA575.png&quot; alt=&quot;&quot; height=&quot;391&quot; width=&quot;588&quot; border=&quot;0&quot; /&gt;&lt;/a&gt;\r\n&lt;/p&gt;\r\n&lt;p style=&quot;text-align:center;&quot;&gt;\r\n	&lt;span style=&quot;font-size:smaller;&quot;&gt;清华长庚医院信息管理处处长&amp;nbsp;刘海一&lt;/span&gt;\r\n&lt;/p&gt;\r\n&lt;p&gt;\r\n	清华长庚医院的医院信息系统与医疗、管理深度融合，即“管理制度化、制度表单化、表单电脑化”。刘海一比医院的信息化系统比作医院的神经系统：“医院信息系统要与医疗管理进行深度融合，覆盖到医院全部业务，获取运行数据，进行信息共享，还要规范流程与操作，并辅助医护管理。”\r\n&lt;/p&gt;\r\n&lt;p&gt;\r\n	目前，清华长庚医院的信息系统包括医疗支持、运营管理、患者服务和教学科研四大部分，医疗支持包含医嘱与病历书写、检查与检验、手术与治疗、药品、体检等全医疗流程的信息支持处理；运营管理包含人力、资金、物品与资产、服务、医疗数质量等医院整体运行体系的支持；患者服务包含预约、挂号、收费、患者引导与告知、健康教育等方便患者就医与辅助医疗的信息处理；教学科研包含规范培训、继续教育、科研管理、网络学习与文献服务等支持研究型、教学医院的信息服务。&amp;nbsp;\r\n&lt;/p&gt;\r\n&lt;p&gt;\r\n	&lt;span style=&quot;color:#0000FF;&quot;&gt;&lt;span style=&quot;font-size:larger;&quot;&gt;&lt;strong&gt;整合医疗设备与IT技术 提升客观数据质量&lt;/strong&gt;&lt;/span&gt;&lt;/span&gt;\r\n&lt;/p&gt;\r\n&lt;p&gt;\r\n	医学信息包括了既往就诊信息、诊断、主诉、体征观察值等主观临床信息、检验数据、影像检查、日常监护数据等客观临床信息和费用、人员和时间等经济学信息，其中主观临床信息数据量巨大、覆盖范围广。但是从数据的规整性、真实度和有效数据的可提取性这三方面来考量的话，&amp;nbsp;费晓璐认为客观临床信息产生的价值可能会更大，她认为：来自医疗设备的数据，或者是基于医疗设备数据产生的文本数据，虽然一样面临有效数据可提取性的问题，但是其真实度要高得多。因此如果能利用好医疗设备相关数据，将会较大幅度的提高数据真实可用性。而当前我国医疗设备与IT融合还有一些需要注意的问题。&lt;img src=&quot;file://C:/Users/ADMINI%7E1/AppData/Local/Temp/ksohtml/wps405C.tmp.png&quot; alt=&quot;&quot; /&gt;\r\n&lt;/p&gt;\r\n&lt;p style=&quot;text-align:center;&quot;&gt;\r\n	&lt;a href=&quot;http://s2.51cto.com/wyfs02/M02/85/EF/wKiom1ev4FGjGzG4AAJJM5iVTig635.png&quot; target=&quot;_blank&quot;&gt;&lt;img src=&quot;http://s2.51cto.com/wyfs02/M02/85/EF/wKiom1ev4FGjGzG4AAJJM5iVTig635.png&quot; alt=&quot;&quot; height=&quot;391&quot; width=&quot;588&quot; border=&quot;0&quot; /&gt;&lt;/a&gt;\r\n&lt;/p&gt;\r\n&lt;p style=&quot;text-align:center;&quot;&gt;\r\n	&lt;span style=&quot;font-size:smaller;&quot;&gt;宣武医院信息中心总工程师&amp;nbsp;费晓璐&lt;/span&gt;\r\n&lt;/p&gt;\r\n&lt;p&gt;\r\n	比如，ICU中有很多设备，包括监护仪、呼吸机、输液泵等，目前无论采用哪种硬件传输方式，都会存在传输数据与患者可能不对应的问题。如果设备与床位不是一一对应，设备移动位置没有及时在系统中进行标记，设备所采集的新患者的数据将仍然被认为是原患者的数据，进入错误的病历。\r\n&lt;/p&gt;\r\n&lt;p&gt;\r\n	“针对重症监护室内，‘呼吸机的使用未能与患者基本信息及医嘱信息相对照’环节的缺失，基于医疗信息技术的社会-技术模型进行了原因分析，并提出改进措施：1、在呼吸机使用前增加与医嘱的核对，确保呼吸机用在正确的患者身上；\r\n 2、在呼吸机使用前扫描患者腕带及呼吸机设备编码进行绑定，确保采集到的参数与患者进行关联； \r\n3、呼吸机使用结束后，解除患者与呼吸机之间的关联，确保该设备再次被使用时采集到的参数与新患者进行正确关联。”费晓璐说道。\r\n&lt;/p&gt;\r\n&lt;p&gt;\r\n	&lt;img src=&quot;file://C:/Users/ADMINI%7E1/AppData/Local/Temp/ksohtml/wps406C.tmp.jpg&quot; alt=&quot;&quot; /&gt;\r\n&lt;/p&gt;\r\n&lt;p style=&quot;text-align:center;&quot;&gt;\r\n	&lt;a href=&quot;http://s1.51cto.com/wyfs02/M01/85/EF/wKiom1ev4IHgruzsAADx6pKn174280.png&quot; target=&quot;_blank&quot;&gt;&lt;img src=&quot;http://s1.51cto.com/wyfs02/M01/85/EF/wKiom1ev4IHgruzsAADx6pKn174280.png&quot; alt=&quot;&quot; height=&quot;494.751381215&quot; width=&quot;600&quot; border=&quot;0&quot; /&gt;&lt;/a&gt;\r\n&lt;/p&gt;\r\n&lt;p style=&quot;text-align:center;&quot;&gt;\r\n	&lt;span style=&quot;font-size:smaller;&quot;&gt;ICU系统内呼吸机使用的闭环管理&lt;/span&gt;\r\n&lt;/p&gt;\r\n&lt;p&gt;\r\n	客观数据固然很好，但是现在我国医疗设备与IT融合与国外相比还有很多的差距，国外已经有成熟标准和技术可以解决的患者关联问题。“首先是融合程度不高，能够联网的设备有限；其次，标准依从性非常低；然后就是设备的数据IT流程质控几乎是空白。大数据处理的同时，不应该忽略客观数据的部分，特别是在做基础数据融合的时候，我们完全可以通过技术去让患者数据更准确，让数据质量更好。\r\n&lt;/p&gt;\r\n&lt;p&gt;\r\n	&lt;span style=&quot;color:#0000FF;&quot;&gt;&lt;strong&gt;&lt;span style=&quot;font-size:larger;&quot;&gt;三大维度推进信息化应用&lt;/span&gt;&lt;/strong&gt;&lt;/span&gt;\r\n&lt;/p&gt;\r\n&lt;p&gt;\r\n	大数据虽然说是一个趋势还特别有价值，但是就目前我国的数据分析发展阶段及当前的发展水平来看，重点还不在应用领域，数据的预测到决策支持还有很长的路要走。&lt;img src=&quot;file://C:/Users/ADMINI%7E1/AppData/Local/Temp/ksohtml/wps407D.tmp.png&quot; alt=&quot;&quot; /&gt;\r\n&lt;/p&gt;\r\n&lt;p style=&quot;text-align:center;&quot;&gt;\r\n	&lt;a href=&quot;http://s3.51cto.com/wyfs02/M00/85/EF/wKioL1ev4LSCM0MhAAIt3i2kFJg190.png&quot; target=&quot;_blank&quot;&gt;&lt;img src=&quot;http://s3.51cto.com/wyfs02/M00/85/EF/wKioL1ev4LSCM0MhAAIt3i2kFJg190.png&quot; alt=&quot;&quot; height=&quot;391&quot; width=&quot;588&quot; border=&quot;0&quot; /&gt;&lt;/a&gt;\r\n&lt;/p&gt;\r\n&lt;p style=&quot;text-align:center;&quot;&gt;\r\n	&lt;span style=&quot;font-size:smaller;&quot;&gt;301医院计算机室主任&amp;nbsp;刘敏超&lt;/span&gt;\r\n&lt;/p&gt;\r\n&lt;p&gt;\r\n	刘敏超指出：现在医院院内数据内容可以收集并加以管理的数据包括：结构化的经济和物资数据、结构化临床业务数据、自由文本数据、影像数据与病历扫描图像以及科研文献资料，但是像医疗设备日志数据、语音和视频数据、生物信息数据（监护数据）、基因数据、蛋白组学数据、可穿戴设备数据、人员情绪数据和行为数据等都未能收集甚至还没有产生。\r\n&lt;/p&gt;\r\n&lt;p style=&quot;text-align:center;&quot;&gt;\r\n	&lt;a href=&quot;http://s5.51cto.com/wyfs02/M00/85/EF/wKioL1ev4eeQv6IkAAC29DnayqM404.png&quot; target=&quot;_blank&quot;&gt;&lt;img src=&quot;http://s5.51cto.com/wyfs02/M00/85/EF/wKioL1ev4eeQv6IkAAC29DnayqM404.png&quot; alt=&quot;&quot; height=&quot;410.372771475&quot; width=&quot;600&quot; border=&quot;0&quot; /&gt;&lt;/a&gt;\r\n&lt;/p&gt;\r\n&lt;p&gt;\r\n	&lt;img src=&quot;file://C:/Users/ADMINI%7E1/AppData/Local/Temp/ksohtml/wps407E.tmp.jpg&quot; alt=&quot;&quot; /&gt;\r\n&lt;/p&gt;\r\n&lt;p&gt;\r\n	面对医院的大数据的需求，刘敏超认为：第一，加强数据集成与共享，异构系统是医院信息系统的必然形态，一体化发展阶段结束，医院信息化进入集成阶段，集成成为当前医院信息化建设的关键；第二，提升数据质量，保证数据逇完整性和个性化，对电子病历结构化处理，专科电子病历实现个性化数据采集，增加医疗仪器日志、术中视频、监护设备数据、科研文献资料等数据采集内容，以及保证数据的可用性和准确性，做好科研回溯与前瞻；第三，保障信息安全，健康医疗大数据是医院的资产，要保护患者的隐私，才能共享数据的价值；第四，提供大数据信息检索手段，方便地查到想要的数据，查到的数据没有遗漏，数据要全，隐私能得到保护；第五，通过场景化设计使大数据功能落地，提升医院自身信息化能力。\r\n&lt;/p&gt;\r\n&lt;p&gt;\r\n	大数据离临床业务成熟应用仍有距离，目前科研依然是大数据应用的主战场，需要筹建大数据研究与应用的团队，无论是否处于大数据时代，医院的信息化工作都应该从广度（指信息化的覆盖面）、深度（指信息化在一个主题一个领域应用到那个层面，比如高值耗材要深入到床旁手术台旁等）和效果（指信息化互联互通产生协同效应，如办公与医疗业务的协同，后勤保障与临床业务的协同）这三个维度做好。\r\n&lt;/p&gt;\r\n&lt;p&gt;\r\n	&lt;span style=&quot;color:#0000FF;&quot;&gt;&lt;strong&gt;&lt;span style=&quot;font-size:larger;&quot;&gt;建设本质：为病人提供医疗服务&lt;/span&gt;&lt;/strong&gt;&lt;/span&gt;\r\n&lt;/p&gt;\r\n&lt;p&gt;\r\n	医院医疗的核心服务是为病人提供医疗服务。病人的诊断尽可能明确、准确，病人的治疗尽可能有效、快捷。医疗服务可以说是一种病人为中心的即科学化又人文化的服务，而信息系统作为一种技术手段，通过它在存储能力、计算能力、传输能力等方面的特点和优势，能够在一些方面改善或提高医疗服务。\r\n&lt;/p&gt;\r\n&lt;p&gt;\r\n	医疗服务涉及到医院业务流程的方方面面，几乎所有的地方都有信息的参与，在医院信息化领域，大数据也已经成为一个显而易见的趋势，信息技术的裂变式发展的确为重构医疗创造了条件，但是无论如何都脱离不开为病人更好地提供医疗服务这一本质。\r\n&lt;/p&gt;\r\n&lt;p style=&quot;text-align:center;&quot;&gt;\r\n	&lt;a href=&quot;http://s4.51cto.com/wyfs02/M02/85/EF/wKioL1ev4O_RExMUAAI9gCIXkfc851.png&quot; target=&quot;_blank&quot;&gt;&lt;img src=&quot;http://s4.51cto.com/wyfs02/M02/85/EF/wKioL1ev4O_RExMUAAI9gCIXkfc851.png&quot; alt=&quot;&quot; height=&quot;391&quot; width=&quot;588&quot; border=&quot;0&quot; /&gt;&lt;/a&gt;&lt;br /&gt;\r\n&lt;span style=&quot;font-size:smaller;&quot;&gt;北京协和医院信息管理处应用组负责人&amp;nbsp;朱雯&lt;/span&gt;\r\n&lt;/p&gt;\r\n&lt;p&gt;\r\n	&amp;nbsp;朱雯认为：首先，可以通过信息化手段和业务流程的优化，来改善病人就医体验；第二，对于医院里最宝贵的资源——高素质的医护人员，信息化手段能够帮助他们节省时间提高效率，让他们能够集中更多精力在医疗行为本身；另外，就是在提高医疗安全与质量方面，信息也能够起到很大的作用。\r\n&lt;/p&gt;\r\n&lt;p&gt;\r\n	”医疗的安全与质量的提高是我们信息化建设的最核心的内容，我们在2012年新换了系统，这几年在陆续做进一步的建设，近几年在风险管理、临床决策、不良事件等各个部分和我们的管理人员一起合作，做到了全程管理、全员管理、追踪分析等。在改善医疗服务方面，建立了以病人需求为导向的信息系统，包括多途径挂号、分时候诊、集中预约、分散缴费以及自主服务等等。”朱雯介绍：”医院的核心资源就是高素质的医护人员，而且这个资源是不可复制的难以在短时间内增加的，因此，我们也很关注信息系统如何能够提高优质医疗资源的效率，主要包括提高信息获取的能力，通过信息系统在业务的覆盖全面后，经过集成，对数据进行集中展现，能够让临床人员以最快的速度获得病人相关的数据信息；专科化精细化，在全面的基础上，对专科特色的地方进行深入挖掘，在系统上进行实现，使得专科医生能够方便的通过系统完成业务工作；临床决策辅助，利用信息系统数据分析处理能力根据相应的规则对医务人员进行提示和一些控制，在一定程度上减少出错的可能性。“\r\n&lt;/p&gt;\r\n&lt;p&gt;\r\n	&lt;span style=&quot;color:#0000FF;&quot;&gt;&lt;span style=&quot;font-size:larger;&quot;&gt;&lt;strong&gt;全闭环管理，提升医院管理效率&lt;/strong&gt;&lt;/span&gt;&lt;/span&gt;\r\n&lt;/p&gt;\r\n&lt;p&gt;\r\n	作为本次沙龙活动的协办方，爱普生市场部经理李建广也分享了EPSON近年来在医院信息化建设方面所做种种有益探索。&amp;nbsp;\r\n&lt;/p&gt;\r\n&lt;p style=&quot;text-align:center;&quot;&gt;\r\n	&lt;a href=&quot;http://s5.51cto.com/wyfs02/M01/85/EF/wKioL1ev4TPC83Z5AAJVhjgL66k798.png&quot; target=&quot;_blank&quot;&gt;&lt;img src=&quot;http://s5.51cto.com/wyfs02/M01/85/EF/wKioL1ev4TPC83Z5AAJVhjgL66k798.png&quot; alt=&quot;&quot; height=&quot;391&quot; width=&quot;588&quot; border=&quot;0&quot; /&gt;&lt;/a&gt;&lt;br /&gt;\r\n&lt;span style=&quot;font-size:smaller;&quot;&gt;爱普生市场部经理&amp;nbsp;李建广&lt;/span&gt;\r\n&lt;/p&gt;\r\n&lt;p&gt;\r\n	爱普生作为医疗行业主要的打印输出设备供应商，多年来一直致力于医疗行业的深耕，紧跟医疗信息化的发展为医疗行业提供更好的解决方案。\r\n&lt;/p&gt;\r\n&lt;p&gt;\r\n	在“互联网+”时代下，爱普生通过不断创新来引领行业发展。在本次沙龙活动上，爱普生为大家做了医疗智慧打印服务管理方案的全面阐述。该方案包含两方面内容：EDA（EpsonDeviceAdmin）智慧打印服务管理系统和OPS打印合约服务。爱普生打印与扫描市场部李建广介绍，一方面，医院信息科人员可以通过EDA智慧打印服务管理系统对全院的打印输出设备进行统一管理：监控、查看、大数据分析、批量配置，完成各业务流程信息在同一平台下的全闭环管理，从而实现非核心资产的精细化管理，提升医院非核心资产管理效率和水平。在随时掌握每台打印机的使用状态同时，从被动维护转变为主动管理，实现医院管理效率提升。\r\n&lt;/p&gt;\r\n&lt;p&gt;\r\n	另外，OPS打印合约服务作为解决医院在非核心资产服务问题上的全新服务模式，能够为院方提供针对性的方案和定制化的主动服务，根据用户的实际情况量身定制合约，从而使其能够享受到爱普生所提供的这种省钱、省心、安心、环保的服务模式。\r\n&lt;/p&gt;\r\n&lt;p style=&quot;text-align:center;&quot;&gt;\r\n	&lt;a href=&quot;http://s1.51cto.com/wyfs02/M00/85/EF/wKiom1ev4aOiLBrcAAJy90TuTMY190.png&quot; target=&quot;_blank&quot;&gt;&lt;img src=&quot;http://s1.51cto.com/wyfs02/M00/85/EF/wKiom1ev4aOiLBrcAAJy90TuTMY190.png&quot; alt=&quot;&quot; height=&quot;391&quot; width=&quot;588&quot; border=&quot;0&quot; /&gt;&lt;/a&gt;&lt;br /&gt;\r\n&lt;span style=&quot;font-size:smaller;&quot;&gt;与会嘉宾在爱普生打印机展示台前咨询&lt;/span&gt;\r\n&lt;/p&gt;', 1475565863, 0),
(27, 47, '&lt;p align=&quot;center&quot;&gt;\r\n	&lt;img src=&quot;http://pic.biodiscover.com/files/h/b1/201512210918451870.jpg&quot; alt=&quot;&quot; /&gt;\r\n&lt;/p&gt;\r\n&lt;br /&gt;\r\n&lt;p&gt;\r\n	随着“健康中国2020”、“中国制造2025”等国家计划的实施，以及国家医改、&lt;a href=&quot;http://www.120news.org/a/yiyao/&quot; target=&quot;_blank&quot;&gt;&lt;u&gt;药品&lt;/u&gt;&lt;/a&gt;&lt;a href=&quot;http://www.120news.org/&quot; target=&quot;_blank&quot;&gt;&lt;u&gt;医疗器械&lt;/u&gt;&lt;/a&gt;审评审批制度改革的不断深化和一系列举措的出台，鼓励&lt;a href=&quot;http://www.120news.org/a/yiyao/2552.html&quot;&gt;生物医药&lt;/a&gt;&lt;a href=&quot;http://www.120news.org/a/keji/9297.html&quot;&gt;创新&lt;/a&gt;、提升产品质量、加强国际化合作、促进科技成果转化和&lt;a href=&quot;http://www.120news.org/a/keji/5035.html&quot;&gt;产业&lt;/a&gt;转型发展逐渐成为我国&lt;a href=&quot;http://www.120news.org/a/yiyao/2552.html&quot;&gt;生物医药&lt;/a&gt;&lt;a href=&quot;http://www.120news.org/a/keji/5035.html&quot;&gt;产业&lt;/a&gt;发展的主流方向。为了更好地响应推进国家政策和科研产业合作&lt;a href=&quot;http://www.120news.org/a/keji/9297.html&quot;&gt;创新&lt;/a&gt;需求，由中国医药企业发展促进会、中国医药科技成果转化中心主办，&lt;a href=&quot;http://www.120news.org/a/liangxing/9643.html&quot;&gt;重庆&lt;/a&gt;市&lt;a href=&quot;http://www.120news.org/a/keji/&quot; target=&quot;_blank&quot;&gt;&lt;u&gt;医药产业&lt;/u&gt;&lt;/a&gt;发展办公室指导，由高圣医药、威斯腾生物、第三军医大学学报&lt;span&gt;承办的“2015中国（&lt;a href=&quot;http://www.120news.org/a/liangxing/9643.html&quot;&gt;重庆&lt;/a&gt;）生物医药前沿技术与产业化发展研讨会”于12月19日-20日在雾都山城——重庆隆重召开。&lt;/span&gt;\r\n&lt;/p&gt;\r\n&lt;p&gt;\r\n	研讨会邀请了国内知名科研转化机构学者、产业化权威专家和医药企业高层作为演讲嘉宾，围绕“医药创新及产业化发展”、“生物医药前沿技术转化”两大主题研讨进行汇报和交流，旨在积极促进生物医药前沿技术创新和合作交流，推动重庆市生物医药协同创新和产业集群化发展。\r\n&lt;/p&gt;\r\n&lt;p&gt;\r\n	1\r\n&lt;/p&gt;\r\n&lt;p&gt;\r\n	&lt;br /&gt;\r\n&lt;/p&gt;\r\n&lt;p&gt;\r\n	开幕式合力推行主旋律：促进生物医药创新、鼓励产业化合作发展\r\n&lt;/p&gt;\r\n&lt;p&gt;\r\n	12月19日上午，在重庆市&lt;a href=&quot;http://www.120news.org/a/keji/&quot; target=&quot;_blank&quot;&gt;&lt;u&gt;医药产业&lt;/u&gt;&lt;/a&gt;发展办综合管理部副部长孙清华、重庆电视台主持人秦丹的倾情主持下，研讨会在一片祥和热闹的氛围中正式拉开帷幕。原国家食品&lt;a href=&quot;http://www.120news.org/a/yiyao/&quot; target=&quot;_blank&quot;&gt;&lt;u&gt;药品&lt;/u&gt;&lt;/a&gt;监督管理局副局长、中国医药报刊协会会长张文周、科技部中国生物技术发展中心医药生物技术处副处长于善江、中国医药企业发展促进会副会长姚桐利、中国医药科技成果转化中心主任芮国忠、重庆市经济和信息化委员会副主任杨丽琼、重庆市医药行业协会会长张意龙、重庆市合川区人民政府副区长吴景明、重庆市药监局&lt;a href=&quot;http://www.120news.org/&quot; target=&quot;_blank&quot;&gt;&lt;u&gt;医疗器械&lt;/u&gt;&lt;/a&gt;监管处处长李小平、重庆市&lt;a href=&quot;http://www.120news.org/a/keji/&quot; target=&quot;_blank&quot;&gt;&lt;u&gt;医药产业&lt;/u&gt;&lt;/a&gt;发展办公室发展部部长解志杰、重庆市&lt;a href=&quot;http://www.120news.org/a/keji/&quot; target=&quot;_blank&quot;&gt;&lt;u&gt;医药产业&lt;/u&gt;&lt;/a&gt;发展办综合管理部副部长孙清华，10位领导作为特邀嘉宾出席了开幕式。\r\n&lt;/p&gt;\r\n&lt;p align=&quot;center&quot;&gt;\r\n	&lt;img src=&quot;http://www.120news.org/uploads/allimg/151221/234J03X5_1.jpg&quot; alt=&quot;&quot; /&gt;\r\n&lt;/p&gt;\r\n&lt;br /&gt;\r\n&lt;p&gt;\r\n	&lt;span&gt;高创汇创始人 周勇&lt;/span&gt;\r\n&lt;/p&gt;\r\n&lt;p&gt;\r\n	会议伊始，高创汇创始人周勇先生致辞。他表示，借此次研讨会大家齐聚一堂，以“创新、合作、发展、共赢”为初衷，汇聚智慧共谋未来。同时，周先生对莅临此次盛会的所有嘉宾表示了诚挚的欢迎和感谢。\r\n&lt;/p&gt;\r\n&lt;p align=&quot;center&quot;&gt;\r\n	&lt;img src=&quot;http://pic.biodiscover.com/files/q/ns/201512210923314190.jpg&quot; alt=&quot;&quot; /&gt;\r\n&lt;/p&gt;\r\n&lt;br /&gt;\r\n&lt;p&gt;\r\n	&lt;span&gt;重庆市经济和信息化委员会副主任 杨丽琼&lt;/span&gt;\r\n&lt;/p&gt;\r\n&lt;p&gt;\r\n	随后，重庆市经济和信息化委员会副主任杨丽琼进行了发言。通过对重庆&lt;a href=&quot;http://www.120news.org/a/keji/&quot; target=&quot;_blank&quot;&gt;&lt;u&gt;医药产业&lt;/u&gt;&lt;/a&gt;的发展历程进行回顾、现状进行总结、问题进行反思、未来进行展望，杨副主任强调，产学研一体化态势对于生物医药行业的创新产出、技术转化、产业发展至关重要。而重庆作为生物&lt;a href=&quot;http://www.120news.org/a/keji/&quot; target=&quot;_blank&quot;&gt;&lt;u&gt;医药产业&lt;/u&gt;&lt;/a&gt;正在蓬勃发展的直辖市，在已有的良好基础平台之上，政府也对医药发展给予了最大的支持和支撑，愿意为科研学者、医药企业、投资专家提供更好的平台和体系，从而打造一个医药发展高地。\r\n&lt;/p&gt;\r\n&lt;p align=&quot;center&quot;&gt;\r\n	&lt;img src=&quot;http://pic.biodiscover.com/files/n/j1/201512210924268884.jpg&quot; alt=&quot;&quot; /&gt;\r\n&lt;/p&gt;\r\n&lt;br /&gt;\r\n&lt;p&gt;\r\n	&lt;span&gt;中国医药企业发展促进会副会长 姚桐利（左）、中国医药科技成果转化中心主任 芮国忠（右）&lt;/span&gt;\r\n&lt;/p&gt;\r\n&lt;p&gt;\r\n	作为主办方代表之一，中国医药企业发展促进会副会长姚桐利对本次盛会的顺利召开作了简要致辞。姚副会长表示，在健康中国2020计划&lt;a href=&quot;http://www.120news.org/a/yibao/&quot; target=&quot;_blank&quot;&gt;&lt;u&gt;医疗改革&lt;/u&gt;&lt;/a&gt;深入实施推行之际，围绕促进生物医药发展的政策环境、前沿技术等焦点话题进行研讨，是一次促进生物医药成果的创新与合作的良好契机。而中国医药企业发展促进会作为全国性医药行业的社会组织，始终的宗旨是服务医药行业、促进企业发展。\r\n&lt;/p&gt;\r\n&lt;p align=&quot;center&quot;&gt;\r\n	&lt;img src=&quot;http://pic.biodiscover.com/files/o/8u/201512210925585365.jpg&quot; alt=&quot;&quot; /&gt;\r\n&lt;/p&gt;\r\n&lt;br /&gt;\r\n&lt;p&gt;\r\n	&lt;span&gt;重庆市医药行业协会会长 张意龙&lt;/span&gt;\r\n&lt;/p&gt;\r\n&lt;p&gt;\r\n	重庆市医药行业协会会长张意龙紧随其后，作为会议协办单位代表进行了发言。张会长强调，科研成果结合上下游产业链，是成果实现价值、技术转化的重要过程。\r\n&lt;/p&gt;\r\n&lt;p align=&quot;center&quot;&gt;\r\n	&lt;img src=&quot;http://www.120news.org/uploads/allimg/151221/234G0VK_1.jpg&quot; alt=&quot;&quot; /&gt;\r\n&lt;/p&gt;\r\n&lt;br /&gt;\r\n&lt;p&gt;\r\n	&lt;span&gt;科技部中国生物技术发展中心医药生物技术处副处长 于善江&lt;/span&gt;\r\n&lt;/p&gt;\r\n&lt;p&gt;\r\n	致辞结束后，由科技部中国生物技术发展中心医药生物技术处副处长于善江针对我国“十三五”规划中生物&lt;a href=&quot;http://www.120news.org/a/keji/&quot; target=&quot;_blank&quot;&gt;&lt;u&gt;医药产业&lt;/u&gt;&lt;/a&gt;发展相关政策趋势进行了主题汇报。于副处长首先对科技计划管理改革的背景和存在问题进行简述，以此为契机和出发点启动科技管理改革。他对管理改革的总体目标、统筹规划、主要任务进行了详细介绍。\r\n&lt;/p&gt;\r\n&lt;p&gt;\r\n	中国医药科技成果转化中心主任芮国忠作为主题嘉宾，针对药物创新国际化合作发展趋势及模式创新为主题进行了精彩汇报。因为药物创新是一项复杂的经济活动，不仅周期长、投资高，而且风险大、监管严，所以合作开发成为当今药物创新国家化合作的热点。谈及中国的药物创新国际化进程，芮主任表示伴随着更多转型元素的交互重叠，相信未来中国将会呈现多种策略并进的方式，中国制药企业的国家化寒冬已过暖春不远。\r\n&lt;/p&gt;\r\n&lt;p align=&quot;center&quot;&gt;\r\n	&lt;img src=&quot;http://www.120news.org/uploads/allimg/151221/234G0VK_0.jpg&quot; alt=&quot;&quot; /&gt;\r\n&lt;/p&gt;\r\n&lt;br /&gt;\r\n&lt;p&gt;\r\n	&lt;span&gt;重庆市合川区人民政府副区长 吴景明&lt;/span&gt;\r\n&lt;/p&gt;\r\n&lt;p&gt;\r\n	重庆市合川区人民政府副区长吴景明结合自身从业经验以重庆市合川区&lt;a href=&quot;http://www.120news.org/a/keji/&quot; target=&quot;_blank&quot;&gt;&lt;u&gt;医药产业&lt;/u&gt;&lt;/a&gt;发展政策解读进行了“机会合川”的主题汇报。处于嘉陵江、渠江、涪江三江交汇之地，合川有着得天独厚的地理条件和人文底蕴，且是带动西部开发关键节点。在&lt;a href=&quot;http://www.120news.org/a/keji/&quot; target=&quot;_blank&quot;&gt;&lt;u&gt;医药产业&lt;/u&gt;&lt;/a&gt;，合川政府通过企业引进、新药研发资助、基药目录补助等方式，以及从办理手续到市场推广一体化服务进行产业扶持，全方位资助企业的建设和发展。\r\n&lt;/p&gt;\r\n&lt;p&gt;\r\n	2\r\n&lt;/p&gt;\r\n&lt;p&gt;\r\n	&lt;br /&gt;\r\n&lt;/p&gt;\r\n&lt;p&gt;\r\n	主题研讨（一）：创新及产业化发展\r\n&lt;/p&gt;\r\n&lt;p&gt;\r\n	今年我国先后出台了&lt;a href=&quot;http://www.120news.org/&quot; target=&quot;_blank&quot;&gt;&lt;u&gt;医疗器械&lt;/u&gt;&lt;/a&gt;审批审评、仿制药一致性审批等相关政策改革，并推行包括上市许可持有人制度、企业自查临床试验数据等在内的监管改革，旨在推行创新医药布局、提升医药安全和质量监管体系。创新医药研发、成果转化已然成为科研机构、企业的主流竞争力和挖掘点。那么，创新医药研究成果如何实现转化？现阶段制药行业产业化又存在哪些问题以及前景规划？\r\n&lt;/p&gt;\r\n&lt;p&gt;\r\n	陈铭 &amp;nbsp;中国科学院上海生命科学研究院生物化学与细胞生物学研究所研究员、化学生物技术平台主任\r\n&lt;/p&gt;\r\n&lt;p align=&quot;center&quot;&gt;\r\n	&lt;img src=&quot;http://www.120news.org/uploads/allimg/151221/2346402V0_0.jpg&quot; alt=&quot;&quot; /&gt;\r\n&lt;/p&gt;', 1475566223, 0),
(28, 48, '2016年9月23日 – “2016  InterSystems中国&lt;a href=&quot;http://news.hc3i.cn/market/&quot;&gt;&lt;span&gt;医疗信息化&lt;/span&gt;&lt;/a&gt;峰会”在北京成功落幕，本次峰会由医疗信息技术领域全球领导者InterSystems举办，这是连续第三年举办该峰会。作为中国医疗信息化领域的权威盛会，InterSystems中国医疗信息化峰会重点旨在聚焦年度重点医疗议题和行业趋势，通过案例分享与技术探讨，释放中国医疗信息化进程的最新动向与发展未来。\r\n&lt;p style=&quot;text-align:center;&quot;&gt;\r\n	&lt;a href=&quot;http://s5.51cto.com/wyfs02/M01/88/18/wKioL1fp147gXqLSAASOFYpV5AY833.png&quot; target=&quot;_blank&quot;&gt;&lt;img src=&quot;http://s5.51cto.com/wyfs02/M01/88/18/wKioL1fp147gXqLSAASOFYpV5AY833.png&quot; alt=&quot;&quot; height=&quot;369&quot; width=&quot;553&quot; border=&quot;0&quot; /&gt;&lt;/a&gt;\r\n&lt;/p&gt;\r\n&lt;p style=&quot;text-align:center;&quot;&gt;\r\n	(InterSystems大中华区总经理卢侠亮致欢迎辞)\r\n&lt;/p&gt;\r\n&lt;p&gt;\r\n	在本次峰会上，“可持续发展的&lt;a href=&quot;http://news.hc3i.cn/col/3/list_3_1.htm&quot;&gt;&lt;span&gt;智慧医疗&lt;/span&gt;&lt;/a&gt;”以及相关的技术创新与应用开发成为探讨重点。作为全球智慧医疗最主要的推动者与实践者之一，InterSystems分享了智慧医疗在全球范围内的最佳实践。数据丰富、深度互联、高度智能和大规模可扩展，这是全球范围内可持续发展的智慧医疗建设对于技术解决方案的关键需求。InterSystems与全球合作伙伴共同开发“智慧医疗”整体解决方案，服务全球80多个国家超过4.5亿患者，帮助他们拥有高价值的、高效的和个性化的医疗保健服务，并推动各国医疗机构的协同化发展。\r\n&lt;/p&gt;\r\n&lt;p&gt;\r\n	InterSystems国际业务副总裁Steve Garrington以及TrakCare&amp;reg;副总裁Christine  \r\nChapman等高管，与来自湘雅医院、安徽省立医院、绿叶医疗、曜影医疗等国内知名医疗机构的专家，以及医疗卫生信息和管理系统协会(HIMSS)名誉执行副总裁John\r\nHoyt等医疗IT行业领袖共同出席峰会，探讨技术创新与应用开发，推动实现医疗信息的“互联互通”与“协同共享”，惠及更大范围的患者与医疗工作者，构建以医疗协同与分级诊疗为目标的中国医疗服务体系。\r\n&lt;/p&gt;\r\n&lt;p&gt;\r\n	InterSytems国际业务副总裁Steve  \r\nGarrington在峰会上发表了重要演讲,分析了中国医疗体系目前所面临的主要挑战。“中国作为一个人口大国和发展中大国，正面临着人口老龄化、慢性疾病逐渐增多、医疗成本激增、医疗供需矛盾突出等挑战。在这种情况下，建立在信息互联互通基础之上的智慧医疗的落地显得尤为迫切。”他说，“优化医疗资源配置，高效利用医疗资源，缓解医疗供需矛盾，提升医疗服务品质，改善医患双方关系，这都是智慧医疗所能带给中国医疗体系与广大患者的福音。”\r\n&lt;/p&gt;\r\n&lt;p style=&quot;text-align:center;&quot;&gt;\r\n	&lt;a href=&quot;http://s2.51cto.com/wyfs02/M00/88/1C/wKiom1fp16fyE9tRAAND6tEyHe8964.png&quot; target=&quot;_blank&quot;&gt;&lt;img src=&quot;http://s2.51cto.com/wyfs02/M00/88/1C/wKiom1fp16fyE9tRAAND6tEyHe8964.png&quot; alt=&quot;&quot; height=&quot;369&quot; width=&quot;553&quot; border=&quot;0&quot; /&gt;&lt;/a&gt;\r\n&lt;/p&gt;\r\n&lt;p style=&quot;text-align:center;&quot;&gt;\r\n	(InterSystems国际业务副总裁Steve Garrington发表主题演讲)\r\n&lt;/p&gt;\r\n&lt;p&gt;\r\n	来自中国医疗机构的专家，则用各自在智慧医疗领域的实践与经验，再次印证了Steve  \r\nGarrington对信息互联互通的观点。作为InterSystems在中国的重要用户之一，湘雅医院分享了信息互联互通在优化医院决策、提升医疗效率、改善患者就医体验等方面的成就。此外，绿叶医疗和曜影医疗则分别分享了电子病历系统与临床信息系统在高端私立医院与高端诊所的应用案例。\r\n&lt;/p&gt;\r\n&lt;p style=&quot;text-align:center;&quot;&gt;\r\n	&lt;a href=&quot;http://s3.51cto.com/wyfs02/M02/88/18/wKioL1fp17vDdotxAANS9SDaiO0411.png&quot; target=&quot;_blank&quot;&gt;&lt;img src=&quot;http://s3.51cto.com/wyfs02/M02/88/18/wKioL1fp17vDdotxAANS9SDaiO0411.png&quot; alt=&quot;&quot; height=&quot;369&quot; width=&quot;553&quot; border=&quot;0&quot; /&gt;&lt;/a&gt;\r\n&lt;/p&gt;\r\n&lt;p style=&quot;text-align:center;&quot;&gt;\r\n	(InterSystems向与会嘉宾展示最新技术和产品)\r\n&lt;/p&gt;\r\n&lt;p&gt;\r\n	自2004年进入中国市场以来，InterSystems一直把中国视为重要的战略市场。作为医疗信息技术领域的全球领导者，以及中国市场上唯一专注于医疗行业整体解决方案的国际知名企业，InterSystems将继续植根中国市场，用备受全球数百国家、数千医疗机构共同认可的医疗信息平台与系统，服务于逐步迈向‘智慧医疗’的中国医疗体系，推动医疗信息的互联共享，提升中国各级医疗机构的业务水平、效率与服务品质，真正造福中国的患者和医疗工作者。\r\n&lt;/p&gt;\r\n&lt;p&gt;\r\n	&lt;span style=&quot;color:#808080;&quot;&gt;关于InterSystems&lt;/span&gt;\r\n&lt;/p&gt;\r\n&lt;p&gt;\r\n	&lt;span style=&quot;color:#808080;&quot;&gt;InterSystems是驱动众多世界上重量级行业应用的信息技术引擎。自1978年创立以来，InterSystems在医疗、金融、政府和诸多涉及国计民生的领域，提供战略技术支持。InterSystems是一家总部位于美国马萨诸塞州剑桥的私人控股公司。该公司在全球设立分支机构，其软件产品每天都在\r\n  100 多个国家内被数百万名用户使用。了解更多信息，请访问：www.intersystems.com/cn&lt;/span&gt;\r\n&lt;/p&gt;', 1475566722, 0),
(29, 49, '&lt;p&gt;\r\n	&lt;span style=&quot;font-family:arial, helvetica, sans-serif;&quot;&gt;最近，发表于《&lt;a href=&quot;http://paper.medlive.cn/literature/2124192&quot; target=&quot;_blank&quot;&gt;Lancet Oncology&lt;/a&gt;》上的一项2期RESONATE-17研究进一步证实了，口服ibrutinib可作为伴del17p的复发/难治性慢性淋巴细胞白血病（CLL）患者的治疗新选择。&lt;/span&gt;\r\n&lt;/p&gt;\r\n&lt;p&gt;\r\n	&lt;br /&gt;\r\n&lt;/p&gt;\r\n&lt;p&gt;\r\n	&lt;span style=&quot;font-family:arial, helvetica, sans-serif;&quot;&gt;Susan\r\nO’Brien博士及其同事说，综合其它新型治疗方案的数据来看，通过改变治疗方案选择及其顺序，ibrutinib可能有助于重新评估干细胞移植治疗高危CLL的作用及时间。这些数据标志着靶向治疗正在改变del17p\r\n CLL或小淋巴细胞（SLL）等难治性疾病的历史性治疗方法。&lt;/span&gt;\r\n&lt;/p&gt;\r\n&lt;p&gt;\r\n	&lt;span style=&quot;font-family:arial, helvetica, sans-serif;&quot;&gt;&lt;br /&gt;\r\n&lt;/span&gt;\r\n&lt;/p&gt;\r\n&lt;p&gt;\r\n	&lt;span style=&quot;font-family:arial, helvetica, sans-serif;&quot;&gt;目前，Ibrutinib已被美国食品药品监督管理局（FDA）批准用于治疗del17p CLL患者，并在NCCN指南中被推荐用于复发/难治性del17p CLL的一线标准治疗。&lt;/span&gt;\r\n&lt;/p&gt;\r\n&lt;p&gt;\r\n	&lt;br /&gt;\r\n&lt;/p&gt;\r\n&lt;p&gt;\r\n	&lt;span style=&quot;font-family:arial, helvetica, sans-serif;&quot;&gt;在RESONATE-17研究中，O’Brien等给予144名del17p\r\n CLL或SLL患者ibrutinib 420 \r\nmg，每日1次。主要终点是根据2008国际慢性淋巴细胞白血病反应标准评估所有接受治疗的患者的总响应率。由于该研究是单臂非随机性研究，所以同时也报道了研究者评估的患者响应情况。&lt;/span&gt;\r\n&lt;/p&gt;\r\n&lt;p&gt;\r\n	&lt;span style=&quot;font-family:arial, helvetica, sans-serif;&quot;&gt;&lt;br /&gt;\r\n&lt;/span&gt;\r\n&lt;/p&gt;\r\n&lt;p&gt;\r\n	&lt;span style=&quot;font-family:arial, helvetica, sans-serif;&quot;&gt;随访11.5个月时，对患者进行了预先设定的初始分析。结果显示，独立评估的总响应率为64%，研究者评估的响应率为83%。中位随访27.6个月时，研究人员的进一步分析显示，研究者评估的总响应率为83%；8%的患者产生了完全响应，2%的患者产生了骨髓未完全恢复的完全响应，64%的患者产生了部分响应，7%的患者产生了部分响应并且淋巴细胞增多，2%的患者产生了结节部分响应。24个月时的无进展生存率和总生存率分别为63%和75%（95%\r\n CI， 67%–81%）。&lt;/span&gt;\r\n&lt;/p&gt;\r\n&lt;p&gt;\r\n	&lt;br /&gt;\r\n&lt;/p&gt;\r\n&lt;p&gt;\r\n	&lt;span style=&quot;font-family:arial, helvetica, sans-serif;&quot;&gt;该研究结果支持了另外一项Ib/II期ibrutinib研究（n = 34）的亚组分析结果，总响应率为79%，中位无进展生存期为28个月。&lt;/span&gt;\r\n&lt;/p&gt;\r\n&lt;p&gt;\r\n	&lt;br /&gt;\r\n&lt;/p&gt;\r\n&lt;p&gt;\r\n	&lt;span style=&quot;font-family:arial, helvetica, sans-serif;&quot;&gt;研究人员对达到总响应的患者进行了亚组分析，以确定预后因素。他们发现被检测的所有亚组的响应相似。从基线到6个月或24个月时的免疫球蛋白A、G和M浓度未发生临床相关性改变。&lt;/span&gt;\r\n&lt;/p&gt;\r\n&lt;p&gt;\r\n	&lt;br /&gt;\r\n&lt;/p&gt;\r\n&lt;p&gt;\r\n	&lt;span style=&quot;font-family:arial, helvetica, sans-serif;&quot;&gt;该项研究中，经brutinib治疗的患者所发生的毒性反应与先前报道的一致，大多数不良反应的严重程度为轻到中度。导致治疗中止的最常见的原因是疾病进展（24%）；另外，不良反应、不可接受的毒性及死亡也是导致治疗中止的原因。另外，还有9%的患者发生了大出血。&lt;/span&gt;\r\n&lt;/p&gt;\r\n&lt;p&gt;\r\n	&lt;br /&gt;\r\n&lt;/p&gt;\r\n&lt;p&gt;\r\n	&lt;span style=&quot;font-family:arial, helvetica, sans-serif;&quot;&gt;30%的患者发生了3级以上感染，包括肺炎（13%）。随着进一步地随访，38名患者死亡，其中18名死于不良反应。&lt;/span&gt;\r\n&lt;/p&gt;\r\n&lt;p&gt;\r\n	&lt;br /&gt;\r\n&lt;/p&gt;\r\n&lt;p&gt;\r\n	&lt;span style=&quot;font-family:arial, helvetica, sans-serif;&quot;&gt;总之，这些结果表明ibrutinib治疗超高危CLL患者，风险获益良好。&lt;/span&gt;\r\n&lt;/p&gt;', 1475580198, 0);
INSERT INTO `cms_news_content` (`id`, `news_id`, `content`, `create_time`, `update_time`) VALUES
(30, 50, '&lt;p&gt;\r\n	&lt;span style=&quot;font-family:arial, helvetica, sans-serif;font-size:14px;&quot;&gt;糖尿病眼病导致失明这种悲剧本来可以避免，如果糖尿病患者早些来治疗，控制住血糖和血压，一定能避免不良结果的发生。&lt;/span&gt;\r\n&lt;/p&gt;\r\n&lt;p&gt;\r\n	&lt;br /&gt;\r\n&lt;/p&gt;\r\n&lt;p&gt;\r\n	&lt;span style=&quot;font-size:14px;font-family:微软雅黑, ''Microsoft YaHei'';color:#C00000;&quot;&gt;1.糖尿病眼病与发病年限有关吗？&lt;/span&gt;\r\n&lt;/p&gt;\r\n&lt;p&gt;\r\n	&lt;br /&gt;\r\n&lt;/p&gt;\r\n&lt;p&gt;\r\n	&lt;span style=&quot;font-family:arial, helvetica, sans-serif;font-size:14px;&quot;&gt;糖尿病眼病的发生与糖尿病的发病年限有关，发病时间越长，造成的眼部损害越重。血糖控制稳定，可以减缓眼病的发生。血糖控制不好，会使眼病提早发生。同时控制血压和血黏度也很重要。1型糖尿病患者眼部并发症多发而且情况较为严重。&lt;/span&gt;\r\n&lt;/p&gt;\r\n&lt;p&gt;\r\n	&lt;br /&gt;\r\n&lt;/p&gt;\r\n&lt;p&gt;\r\n	&lt;span style=&quot;font-size:14px;font-family:微软雅黑, ''Microsoft YaHei'';color:#C00000;&quot;&gt;2.如何鉴别不同眼病的症状？&lt;/span&gt;\r\n&lt;/p&gt;\r\n&lt;p&gt;\r\n	&lt;span style=&quot;font-family:arial, helvetica, sans-serif;font-size:14px;&quot;&gt;&lt;br /&gt;\r\n&lt;/span&gt;\r\n&lt;/p&gt;\r\n&lt;p&gt;\r\n	&lt;span style=&quot;font-family:arial, helvetica, sans-serif;font-size:14px;&quot;&gt;糖尿病会引起眼睛不适，但不单纯是视网膜病变造成的，当疾病发展到一定阶段可出现以下表现：&lt;/span&gt;\r\n&lt;/p&gt;\r\n&lt;p&gt;\r\n	&lt;br /&gt;\r\n&lt;/p&gt;\r\n&lt;p&gt;\r\n	&lt;span style=&quot;font-family:arial, helvetica, sans-serif;font-size:14px;&quot;&gt;a.屈光改变：会表现为有时近视，有时远视。&lt;/span&gt;\r\n&lt;/p&gt;\r\n&lt;p&gt;\r\n	&lt;br /&gt;\r\n&lt;/p&gt;\r\n&lt;p&gt;\r\n	&lt;span style=&quot;font-family:arial, helvetica, sans-serif;font-size:14px;&quot;&gt;b.眼睑病变：反复发生睑腺炎，睑缘炎。&lt;/span&gt;\r\n&lt;/p&gt;\r\n&lt;p&gt;\r\n	&lt;br /&gt;\r\n&lt;/p&gt;\r\n&lt;p&gt;\r\n	&lt;span style=&quot;font-family:arial, helvetica, sans-serif;font-size:14px;&quot;&gt;c.结膜病：反复发生结膜炎。&lt;/span&gt;\r\n&lt;/p&gt;\r\n&lt;p&gt;\r\n	&lt;br /&gt;\r\n&lt;/p&gt;\r\n&lt;p&gt;\r\n	&lt;span style=&quot;font-family:arial, helvetica, sans-serif;font-size:14px;&quot;&gt;d.角膜病变：干眼，角膜上皮糜烂，角膜伤口愈合延迟等。&lt;/span&gt;\r\n&lt;/p&gt;\r\n&lt;p&gt;\r\n	&lt;br /&gt;\r\n&lt;/p&gt;\r\n&lt;p&gt;\r\n	&lt;span style=&quot;font-family:arial, helvetica, sans-serif;font-size:14px;&quot;&gt;e.虹膜病变：虹膜炎，虹膜色素脱失等。&lt;/span&gt;\r\n&lt;/p&gt;\r\n&lt;p&gt;\r\n	&lt;br /&gt;\r\n&lt;/p&gt;\r\n&lt;p&gt;\r\n	&lt;span style=&quot;font-family:arial, helvetica, sans-serif;font-size:14px;&quot;&gt;f.青光眼：新生血管性青光眼&lt;/span&gt;\r\n&lt;/p&gt;\r\n&lt;p&gt;\r\n	&lt;br /&gt;\r\n&lt;/p&gt;\r\n&lt;p&gt;\r\n	&lt;span style=&quot;font-family:arial, helvetica, sans-serif;font-size:14px;&quot;&gt;g.白内障：糖尿病性白内障和糖尿病患者的老年性白内障。&lt;/span&gt;\r\n&lt;/p&gt;\r\n&lt;p&gt;\r\n	&lt;br /&gt;\r\n&lt;/p&gt;\r\n&lt;p&gt;\r\n	&lt;span style=&quot;font-family:arial, helvetica, sans-serif;font-size:14px;&quot;&gt;h.眼肌麻痹：可以表现用眼后易疲劳和斜视、复视。&lt;/span&gt;\r\n&lt;/p&gt;\r\n&lt;p&gt;\r\n	&lt;br /&gt;\r\n&lt;/p&gt;\r\n&lt;p&gt;\r\n	&lt;span style=&quot;font-family:arial, helvetica, sans-serif;font-size:14px;&quot;&gt;i.视网膜病变：最多见也是最严重的。&lt;/span&gt;\r\n&lt;/p&gt;\r\n&lt;p&gt;\r\n	&lt;br /&gt;\r\n&lt;/p&gt;\r\n&lt;p&gt;\r\n	&lt;span style=&quot;font-size:14px;font-family:微软雅黑, ''Microsoft YaHei'';color:#C00000;&quot;&gt;3.为什么糖尿病患者看东西有时清楚，有时模糊？&lt;/span&gt;\r\n&lt;/p&gt;\r\n&lt;p&gt;\r\n	&lt;br /&gt;\r\n&lt;/p&gt;\r\n&lt;p&gt;\r\n	&lt;span style=&quot;font-family:arial, helvetica, sans-serif;font-size:14px;&quot;&gt;这是由于晶状体调节造成的，晶状体的营养来源于眼睛里一种无色透明的液体—房水，当血糖升高时，房水中葡萄糖浓度升高，扩散入晶状体，晶状体渗透压升高，晶状体纤维吸水肿胀，发生近视；当血糖突然降低时引起相反的渗透压变化，晶状体水分减少，发生远视。这种视力变化提醒您应注意血糖变化，但不必马上配镜，应在血糖稳定后再次验光。&lt;/span&gt;\r\n&lt;/p&gt;\r\n&lt;p&gt;\r\n	&lt;br /&gt;\r\n&lt;/p&gt;\r\n&lt;p&gt;\r\n	&lt;span style=&quot;font-size:14px;font-family:微软雅黑, ''Microsoft YaHei'';color:#C00000;&quot;&gt;4.什么是糖尿病视网膜病变？&lt;/span&gt;\r\n&lt;/p&gt;\r\n&lt;p&gt;\r\n	&lt;br /&gt;\r\n&lt;/p&gt;\r\n&lt;p&gt;\r\n	&lt;span style=&quot;font-family:arial, helvetica, sans-serif;font-size:14px;&quot;&gt;糖尿病视网膜病变是糖尿病眼病的一种严重并发症，主要影响眼睛的视网膜。视网膜与照相机的胶卷类似，可以感受视觉图像，糖尿病视网膜病变通常发生在患糖尿病很多年以后。患糖尿病的时间越长，发展为糖尿病视网膜病变的机会越大。&lt;/span&gt;\r\n&lt;/p&gt;\r\n&lt;p&gt;\r\n	&lt;br /&gt;\r\n&lt;/p&gt;\r\n&lt;p&gt;\r\n	&lt;span style=&quot;font-size:14px;font-family:微软雅黑, ''Microsoft YaHei'';color:#C00000;&quot;&gt;5.糖尿病患者如果没有眼部症状也需要看眼科医生吗？&lt;/span&gt;\r\n&lt;/p&gt;\r\n&lt;p&gt;\r\n	&lt;br /&gt;\r\n&lt;/p&gt;\r\n&lt;p&gt;\r\n	&lt;span style=&quot;font-family:arial, helvetica, sans-serif;font-size:14px;&quot;&gt;需要，因为患者只是根据自己的视力来判断眼睛是否有问题，这是非常片面的，我们把眼底分为中心区和周边区，中心区指的是黄斑区，如果黄斑区没有出血或渗出，患者可能不易觉察，但周边网膜可能已经出现了损害，应当开始治疗。&lt;/span&gt;\r\n&lt;/p&gt;\r\n&lt;p&gt;\r\n	&lt;br /&gt;\r\n&lt;/p&gt;\r\n&lt;p&gt;\r\n	&lt;span style=&quot;font-size:14px;font-family:微软雅黑, ''Microsoft YaHei'';color:#C00000;&quot;&gt;6.糖尿病视网膜病变分几种类型？&lt;/span&gt;\r\n&lt;/p&gt;\r\n&lt;p&gt;\r\n	&lt;br /&gt;\r\n&lt;/p&gt;\r\n&lt;p&gt;\r\n	&lt;span style=&quot;font-family:arial, helvetica, sans-serif;font-size:14px;&quot;&gt;主要有2型6期。1984年我国眼底病组制订分类标准分为2型6期，从1期至6期病情逐渐加重，前3期也可以称为非增殖型，表现为微血管瘤、小片出血、渗出。后3期称为增殖型，表现为眼底新生血管、玻璃体出血、纤维增殖、视网膜脱离。国际上有另外的分期称为ETDES分期，专业性更强一些，但治疗原则还是一样的。&lt;/span&gt;\r\n&lt;/p&gt;\r\n&lt;p&gt;\r\n	&lt;br /&gt;\r\n&lt;/p&gt;\r\n&lt;p&gt;\r\n	&lt;span style=&quot;font-size:14px;font-family:微软雅黑, ''Microsoft YaHei'';color:#C00000;&quot;&gt;7.什么是糖尿病黄斑病变？&lt;/span&gt;\r\n&lt;/p&gt;\r\n&lt;p&gt;\r\n	&lt;br /&gt;\r\n&lt;/p&gt;\r\n&lt;p&gt;\r\n	&lt;span style=&quot;font-family:arial, helvetica, sans-serif;font-size:14px;&quot;&gt;黄斑是视网膜视觉最敏锐的部位，我们通常看东西都会用到它，糖尿病对眼底的损害也最多地影响到黄斑。黄斑区受损害可以表现为渗出、出血、黄斑水肿，使您视力下降，视物变形，黄斑病变可以采用激光治疗，也可以辅助药物治疗。&lt;/span&gt;\r\n&lt;/p&gt;\r\n&lt;p&gt;\r\n	&lt;br /&gt;\r\n&lt;/p&gt;\r\n&lt;p&gt;\r\n	&lt;span style=&quot;font-size:14px;font-family:微软雅黑, ''Microsoft YaHei'';color:#C00000;&quot;&gt;8.什么是新生血管？&lt;/span&gt;\r\n&lt;/p&gt;\r\n&lt;p&gt;\r\n	&lt;br /&gt;\r\n&lt;/p&gt;\r\n&lt;p&gt;\r\n	&lt;span style=&quot;font-family:arial, helvetica, sans-serif;font-size:14px;&quot;&gt;新生血管是由于视网膜缺血缺氧诱发的不健康的血管，可以成簇生长，非常容易出血，如果出血量大就会影响视力，新生血管的出现标志着糖尿病视网膜病变进入了比较严重的阶段。&lt;/span&gt;\r\n&lt;/p&gt;\r\n&lt;p&gt;\r\n	&lt;br /&gt;\r\n&lt;/p&gt;\r\n&lt;p&gt;\r\n	&lt;span style=&quot;font-size:14px;font-family:微软雅黑, ''Microsoft YaHei'';color:#C00000;&quot;&gt;9.糖尿病视网膜病变总是不断的发展吗？&lt;/span&gt;\r\n&lt;/p&gt;\r\n&lt;p&gt;\r\n	&lt;br /&gt;\r\n&lt;/p&gt;\r\n&lt;p&gt;\r\n	&lt;span style=&quot;font-family:arial, helvetica, sans-serif;font-size:14px;&quot;&gt;大部分患者是。稳定控制血糖和恰当的治疗可以控制病变的发展，终生维持有用视力。&lt;/span&gt;\r\n&lt;/p&gt;\r\n&lt;p&gt;\r\n	&lt;br /&gt;\r\n&lt;/p&gt;\r\n&lt;p&gt;\r\n	&lt;span style=&quot;font-size:14px;font-family:微软雅黑, ''Microsoft YaHei'';color:#C00000;&quot;&gt;10.糖尿病视网膜病变如何治疗？&lt;/span&gt;\r\n&lt;/p&gt;\r\n&lt;p&gt;\r\n	&lt;br /&gt;\r\n&lt;/p&gt;\r\n&lt;p&gt;\r\n	&lt;span style=&quot;font-family:arial, helvetica, sans-serif;font-size:14px;&quot;&gt;控制血糖是关键。第1~2期可以药物治疗，采用改善微循环和止血药，碘制剂；3~4期主要采用光凝治疗，这也是目前世界上普遍采用的有效方法；4~6期一般采用手术治疗，多数患者术后可恢复部分视力。&lt;/span&gt;\r\n&lt;/p&gt;\r\n&lt;p&gt;\r\n	&lt;br /&gt;\r\n&lt;/p&gt;\r\n&lt;p&gt;\r\n	&lt;span style=&quot;font-size:14px;font-family:微软雅黑, ''Microsoft YaHei'';color:#C00000;&quot;&gt;11.光凝的目的是什么？&lt;/span&gt;\r\n&lt;/p&gt;\r\n&lt;p&gt;\r\n	&lt;br /&gt;\r\n&lt;/p&gt;\r\n&lt;p&gt;\r\n	&lt;span style=&quot;font-family:arial, helvetica, sans-serif;font-size:14px;&quot;&gt;光凝的目的是防盲，研究表明由于糖尿病视网膜病变引起的失明如果能及时光凝治疗，超过60%的患者可以避免失明，尤其是在很好控制血糖的情况下。全世界的医生都建议光凝疗法。&lt;/span&gt;\r\n&lt;/p&gt;\r\n&lt;p&gt;\r\n	&lt;br /&gt;\r\n&lt;/p&gt;\r\n&lt;p&gt;\r\n	&lt;span style=&quot;font-size:14px;font-family:微软雅黑, ''Microsoft YaHei'';color:#C00000;&quot;&gt;12.光凝是如何起作用的？&lt;/span&gt;\r\n&lt;/p&gt;\r\n&lt;p&gt;\r\n	&lt;br /&gt;\r\n&lt;/p&gt;\r\n&lt;p&gt;\r\n	&lt;span style=&quot;font-family:arial, helvetica, sans-serif;font-size:14px;&quot;&gt;光凝通过在视网膜上产生集中的光斑，减少了刺激不正常新生血管形成的物质，因此就减少了出血和视网膜脱离的危险。另外，黄斑区的光凝可以减轻黄斑水肿。这些都能够阻止视力下降，甚至提高视力。&lt;/span&gt;\r\n&lt;/p&gt;\r\n&lt;p&gt;\r\n	&lt;br /&gt;\r\n&lt;/p&gt;\r\n&lt;p&gt;\r\n	&lt;span style=&quot;font-size:14px;font-family:微软雅黑, ''Microsoft YaHei'';color:#C00000;&quot;&gt;13.光凝常常能提高视力吗？&lt;/span&gt;\r\n&lt;/p&gt;\r\n&lt;p&gt;\r\n	&lt;br /&gt;\r\n&lt;/p&gt;\r\n&lt;p&gt;\r\n	&lt;span style=&quot;font-family:arial, helvetica, sans-serif;font-size:14px;&quot;&gt;不会。光凝的目的是防盲，视力通常不会提高，多数情况下可能轻微下降。此外，许多病人光凝治疗后的数小时可能出现一过性的视物模糊，但随后视力能恢复。偶尔有些早期的糖尿病黄斑病变病人光凝后视力可以提高。我们需要强调的是糖尿病视网膜病变光凝后视力通常不会提高。但从长远看由于光凝后视网膜病变得到控制，视力有可能不再下降，即间接保存了视力。&lt;/span&gt;\r\n&lt;/p&gt;\r\n&lt;p&gt;\r\n	&lt;br /&gt;\r\n&lt;/p&gt;\r\n&lt;p&gt;\r\n	&lt;span style=&quot;font-size:14px;font-family:微软雅黑, ''Microsoft YaHei'';color:#C00000;&quot;&gt;14.光凝治疗多长时间1次？&lt;/span&gt;\r\n&lt;/p&gt;\r\n&lt;p&gt;\r\n	&lt;br /&gt;\r\n&lt;/p&gt;\r\n&lt;p&gt;\r\n	&lt;span style=&quot;font-family:arial, helvetica, sans-serif;font-size:14px;&quot;&gt;我们推荐每次治疗单眼，交替进行，单眼全网膜光凝一般需3~5次完成，每次10~20分钟，以后定期复查，如果需要仍可补充光凝。治疗分次进行可以避免一次在视网膜产生过多的光斑，过多光凝可引起黄斑水肿、暂时性视力下降。&lt;/span&gt;\r\n&lt;/p&gt;\r\n&lt;p&gt;\r\n	&lt;br /&gt;\r\n&lt;/p&gt;\r\n&lt;p&gt;\r\n	&lt;span style=&quot;font-size:14px;font-family:微软雅黑, ''Microsoft YaHei'';color:#C00000;&quot;&gt;15.治疗时疼痛吗？&lt;/span&gt;\r\n&lt;/p&gt;\r\n&lt;p&gt;\r\n	&lt;br /&gt;\r\n&lt;/p&gt;\r\n&lt;p&gt;\r\n	&lt;span style=&quot;font-family:arial, helvetica, sans-serif;font-size:14px;&quot;&gt;通常不疼。偶尔治疗中或治疗后有眼疼眼胀或头疼的状况，这种症状在重复治疗的病人中更常见。如果需要，可给药物缓解疼痛。另外，治疗前病人应有一定的心理准备，与医生很好地配合。&lt;/span&gt;\r\n&lt;/p&gt;\r\n&lt;p&gt;\r\n	&lt;br /&gt;\r\n&lt;/p&gt;\r\n&lt;p&gt;\r\n	&lt;span style=&quot;font-size:14px;font-family:微软雅黑, ''Microsoft YaHei'';color:#C00000;&quot;&gt;16.光凝能治愈糖尿病视网膜病变吗？&lt;/span&gt;\r\n&lt;/p&gt;\r\n&lt;p&gt;\r\n	&lt;br /&gt;\r\n&lt;/p&gt;\r\n&lt;p&gt;\r\n	&lt;span style=&quot;font-family:arial, helvetica, sans-serif;font-size:14px;&quot;&gt;不能。光凝的目的是尽量保持视力，阻止病变恶化。它是通过破坏不正常的视网膜，阻止新生血管形成和液体渗漏。然而，疾病仍在发展，不正常的新生血管和渗漏仍可以继续，还需要再次治疗。因此糖尿病病人应当定期随访，进一步的光凝治疗也很必要。&lt;/span&gt;\r\n&lt;/p&gt;\r\n&lt;p&gt;\r\n	&lt;br /&gt;\r\n&lt;/p&gt;\r\n&lt;p&gt;\r\n	&lt;span style=&quot;font-size:14px;font-family:微软雅黑, ''Microsoft YaHei'';color:#C00000;&quot;&gt;17.光凝总有效吗？&lt;/span&gt;\r\n&lt;/p&gt;\r\n&lt;p&gt;\r\n	&lt;br /&gt;\r\n&lt;/p&gt;\r\n&lt;p&gt;\r\n	&lt;span style=&quot;font-family:arial, helvetica, sans-serif;font-size:14px;&quot;&gt;不是，光凝对于大部分病人有效，但不是全部。有些病例，即使光凝，仍可继续出血。&lt;/span&gt;\r\n&lt;/p&gt;\r\n&lt;p&gt;\r\n	&lt;br /&gt;\r\n&lt;/p&gt;\r\n&lt;p&gt;\r\n	&lt;span style=&quot;font-size:14px;font-family:微软雅黑, ''Microsoft YaHei'';color:#C00000;&quot;&gt;18.如果有人工晶状体能够激光治疗吗？&lt;/span&gt;\r\n&lt;/p&gt;\r\n&lt;p&gt;\r\n	&lt;br /&gt;\r\n&lt;/p&gt;\r\n&lt;p&gt;\r\n	&lt;span style=&quot;font-family:arial, helvetica, sans-serif;font-size:14px;&quot;&gt;可以。植入后房型人工晶状体的患者，瞳孔可以充分散大，眼底能够光凝治疗。&lt;/span&gt;\r\n&lt;/p&gt;\r\n&lt;p&gt;\r\n	&lt;br /&gt;\r\n&lt;/p&gt;\r\n&lt;p&gt;\r\n	&lt;span style=&quot;font-size:14px;font-family:微软雅黑, ''Microsoft YaHei'';color:#C00000;&quot;&gt;19.对于糖尿病视网膜病变眼底荧光血管造影有哪些应用？&lt;/span&gt;\r\n&lt;/p&gt;\r\n&lt;p&gt;\r\n	&lt;br /&gt;\r\n&lt;/p&gt;\r\n&lt;p&gt;\r\n	&lt;span style=&quot;font-family:arial, helvetica, sans-serif;font-size:14px;&quot;&gt;它可以详细分析视网膜小血管的改变，尤其是可以显示即将出血的不正常的新生血管，也可以发现闭锁的毛细血管，这些都是需要治疗的。另外一个应用是可以显示需要治疗的微动脉瘤和渗漏的血管，尤其是它们出现在黄斑区，引起黄斑病变、视力下降时。&lt;/span&gt;\r\n&lt;/p&gt;\r\n&lt;p&gt;\r\n	&lt;br /&gt;\r\n&lt;/p&gt;\r\n&lt;p&gt;\r\n	&lt;span style=&quot;font-size:14px;font-family:微软雅黑, ''Microsoft YaHei'';color:#C00000;&quot;&gt;20.祖国医学对糖尿病的治疗有何优势？&lt;/span&gt;\r\n&lt;/p&gt;\r\n&lt;p&gt;\r\n	&lt;br /&gt;\r\n&lt;/p&gt;\r\n&lt;p&gt;\r\n	&lt;span style=&quot;font-family:arial, helvetica, sans-serif;font-size:14px;&quot;&gt;祖国医学的整体观和辨证施治的原则在糖尿病的治疗中显现出很大的优势，是调理全身、控制血糖、治疗并发症重要的治疗手段，但患者一旦发生了增殖期视网膜病变，我们建议眼部治疗以光凝和手术为主，以免失去治疗机会。&lt;/span&gt;\r\n&lt;/p&gt;\r\n&lt;p&gt;\r\n	&lt;br /&gt;\r\n&lt;/p&gt;\r\n&lt;p&gt;\r\n	&lt;span style=&quot;font-family:arial, helvetica, sans-serif;font-size:14px;&quot;&gt;糖尿病是涉及多系统多脏器的疾病，我们一定要强调综合治疗，注意生活细节，远离糖尿病的危险因素。&lt;/span&gt;\r\n&lt;/p&gt;\r\n&lt;p&gt;\r\n	&lt;br /&gt;\r\n&lt;/p&gt;', 1475580890, 0),
(31, 51, '&lt;p&gt;\r\n	&lt;span style=&quot;font-family:arial, helvetica, sans-serif;&quot;&gt;2016年诺贝尔生理学或医学奖公布了！&lt;/span&gt;\r\n&lt;/p&gt;\r\n&lt;p&gt;\r\n	&lt;span style=&quot;font-family:arial, helvetica, sans-serif;&quot;&gt;&lt;br /&gt;\r\n&lt;/span&gt;\r\n&lt;/p&gt;\r\n&lt;p&gt;\r\n	&lt;span style=&quot;font-family:arial, helvetica, sans-serif;&quot;&gt;据诺贝尔奖官网的最新消息，瑞典斯德哥尔摩当地时间3日中午11时30分（北京时间10月3日17时30分），2016年诺贝尔生理学或医学奖授予日本分子细胞生物学家大隅良典（Yoshinori\r\n Ohsumi），以表彰他发现了细胞自噬的机制。据央视网消息，大隅良典将获得奖金800万瑞典克朗，约合625万人民币。&lt;/span&gt;\r\n&lt;/p&gt;\r\n&lt;p&gt;\r\n	&lt;span style=&quot;font-family:arial, helvetica, sans-serif;&quot;&gt;&lt;br /&gt;\r\n&lt;/span&gt;\r\n&lt;/p&gt;\r\n&lt;p style=&quot;text-align:center;&quot;&gt;\r\n	&lt;span style=&quot;font-family:arial, helvetica, sans-serif;&quot;&gt;&lt;img class=&quot;to_big&quot; src=&quot;http://news.medlive.cn/uploadfile/20161003/14754991698111.jpg&quot; title=&quot;点击查看原图&quot; /&gt;&lt;/span&gt;\r\n&lt;/p&gt;\r\n&lt;p&gt;\r\n	&lt;span style=&quot;font-family:arial, helvetica, sans-serif;&quot;&gt;&lt;br /&gt;\r\n&lt;/span&gt;\r\n&lt;/p&gt;\r\n&lt;p&gt;\r\n	&lt;span style=&quot;font-family:arial, helvetica, sans-serif;&quot;&gt;大隅良典是日本东京工业大学前沿研究中心荣誉教授；1996-2009年曾任日本国家基础生物学研究所教授；主要致力于细胞“自噬作用”的研究。他在有关细胞“自噬作用”的研究中取得了重要成果，为阐明细胞适应环境的机制、“自噬作用”原理及其生理意义作出重大贡献。&lt;/span&gt;\r\n&lt;/p&gt;\r\n&lt;p&gt;\r\n	&lt;span style=&quot;font-family:arial, helvetica, sans-serif;&quot;&gt;&lt;br /&gt;\r\n&lt;/span&gt;\r\n&lt;/p&gt;\r\n&lt;p&gt;\r\n	&lt;span style=&quot;font-family:arial, helvetica, sans-serif;&quot;&gt;今年诺贝尔奖生理学或医学奖被提名的科学家有273名，大隅良典能够脱颖而出可见“细胞自噬的机制”这一发现的重要性。&lt;/span&gt;\r\n&lt;/p&gt;\r\n&lt;p&gt;\r\n	&lt;span style=&quot;font-family:arial, helvetica, sans-serif;&quot;&gt;&lt;br /&gt;\r\n&lt;/span&gt;\r\n&lt;/p&gt;\r\n&lt;p&gt;\r\n	&lt;span style=&quot;font-family:arial, helvetica, sans-serif;&quot;&gt;&lt;/span&gt;\r\n&lt;/p&gt;\r\n&lt;p&gt;\r\n	&lt;span style=&quot;font-family:arial, helvetica, sans-serif;&quot;&gt;自噬这一概念最早出现于上世纪1960年代，当时研究人员发现细胞能够消灭自身内部物质，方式是将其包裹进一个膜结构中，从而形成小型囊体并被输运至被称作“溶酶体”的回收机构进行分解。对这一过程开展研究非常困难，这也就意味着我们对其知之甚少。&lt;/span&gt;\r\n&lt;/p&gt;\r\n&lt;p&gt;\r\n	&lt;br /&gt;\r\n&lt;/p&gt;\r\n&lt;p&gt;\r\n	&lt;span style=&quot;font-family:arial, helvetica, sans-serif;&quot;&gt;直到上世纪1990年代，在经过一系列出色的实验之后，日本科学家大隅良典利用面包酵母找到了与自噬作用有关的关键基因。随后他开始致力于阐明酵母菌体内自噬作用的背后机制，并发现与之相似的复杂过程也同样存在于我们人类的细胞内。大隅良典的研究更新了我们关于细胞物质循环的旧有观点，他的研究开启了理解自噬作用在许多生理过程中关键作用的崭新道路，如生物体对于饥饿的适应或者机体对于感染的反应。自噬基因的突变会导致疾病的发生，自噬作用机制在一些类型的疾病，如癌症和神经疾病等病症中也发挥了作用。&lt;/span&gt;\r\n&lt;/p&gt;\r\n&lt;p&gt;\r\n	&lt;span style=&quot;font-family:arial, helvetica, sans-serif;&quot;&gt;&lt;br /&gt;\r\n&lt;/span&gt;\r\n&lt;/p&gt;\r\n&lt;p style=&quot;text-align:center;&quot;&gt;\r\n	&lt;span style=&quot;font-family:arial, helvetica, sans-serif;&quot;&gt;&lt;img class=&quot;to_big&quot; src=&quot;http://news.medlive.cn/uploadfile/20161003/14754999135862.png&quot; title=&quot;点击查看原图&quot; /&gt;&lt;/span&gt;\r\n&lt;/p&gt;\r\n&lt;p&gt;\r\n	&lt;span style=&quot;font-family:arial, helvetica, sans-serif;&quot;&gt;&lt;br /&gt;\r\n&lt;/span&gt;\r\n&lt;/p&gt;\r\n&lt;p&gt;\r\n	&lt;span style=&quot;font-family:arial, helvetica, sans-serif;&quot;&gt;2016年诺贝尔生理学或医学奖公布后，日本又多了一名诺贝尔奖获得者——大隅良典。据了解，大隅良典是日本第23个诺贝尔奖获得者，也是第6位医学奖获得者。最近几年，日本科学家拿诺贝尔奖的情况呈增长趋势，日本已经成为仅次于美国的拥有第二多诺奖获得者的国家。&lt;/span&gt;\r\n&lt;/p&gt;\r\n&lt;p&gt;\r\n	&lt;span style=&quot;font-family:arial, helvetica, sans-serif;&quot;&gt;&lt;br /&gt;\r\n&lt;/span&gt;\r\n&lt;/p&gt;\r\n&lt;p&gt;\r\n	&lt;span style=&quot;font-family:arial, helvetica, sans-serif;&quot;&gt;&lt;/span&gt;\r\n&lt;/p&gt;\r\n&lt;p&gt;\r\n	&lt;span style=&quot;font-family:arial, helvetica, sans-serif;&quot;&gt;去年此时，屠呦呦因为发现青蒿素获得了诺贝尔生理学或医学奖，成为第一位获得诺贝尔科学奖项的中国本土科学家、第一位获得诺贝尔生理医学奖的华人科学家。而在今年的诺奖揭晓之际，人们也期盼着看到更多的华人科学家出现在诺贝尔奖的领奖台上。&lt;/span&gt;\r\n&lt;/p&gt;\r\n&lt;p&gt;\r\n	&lt;span style=&quot;font-family:arial, helvetica, sans-serif;&quot;&gt;&lt;br /&gt;\r\n&lt;/span&gt;\r\n&lt;/p&gt;\r\n&lt;p&gt;\r\n	&lt;span style=&quot;font-family:arial, helvetica, sans-serif;&quot;&gt;值得一提的是，今年有两位华人科学家——麻省理工学院的张锋和香港中文大学的卢煜明成为诺贝尔奖的热门候选人，他们入选了化学领域的预测名单：张锋在老鼠和人类细胞中应用了CRISPR-cas9基因编辑技术；卢煜明在孕妇血浆中检测到胎儿游离DNA，取得无创产前检测的创造性成果，9月19日他还刚刚获得2016年未来科学大奖生命科学奖。&lt;/span&gt;\r\n&lt;/p&gt;', 1475581220, 0),
(32, 52, '&lt;p style=&quot;text-indent:0em;&quot;&gt;\r\n	&lt;strong&gt;&lt;span style=&quot;font-family:arial, helvetica, sans-serif;&quot;&gt;受访专家：&lt;/span&gt;&lt;/strong&gt;\r\n&lt;/p&gt;\r\n&lt;p style=&quot;text-indent:0em;&quot;&gt;\r\n	&lt;span style=&quot;font-family:arial, helvetica, sans-serif;&quot;&gt;&lt;br /&gt;\r\n&lt;/span&gt;\r\n&lt;/p&gt;\r\n&lt;p style=&quot;text-indent:0em;&quot;&gt;\r\n	&lt;span style=&quot;font-family:arial, helvetica, sans-serif;&quot;&gt;复旦大学公共卫生学院卫生经济学副教授　刘宝&amp;nbsp;&lt;/span&gt;\r\n&lt;/p&gt;\r\n&lt;p style=&quot;text-indent:0em;&quot;&gt;\r\n	&lt;span style=&quot;font-family:arial, helvetica, sans-serif;&quot;&gt;&lt;br /&gt;\r\n&lt;/span&gt;\r\n&lt;/p&gt;\r\n&lt;p style=&quot;text-indent:0em;&quot;&gt;\r\n	&lt;span style=&quot;font-family:arial, helvetica, sans-serif;&quot;&gt;中国医药商业协会原副会长、药品流通行业专家　王锦霞&amp;nbsp;&lt;/span&gt;\r\n&lt;/p&gt;\r\n&lt;p style=&quot;text-indent:0em;&quot;&gt;\r\n	&lt;span style=&quot;font-family:arial, helvetica, sans-serif;&quot;&gt;&lt;br /&gt;\r\n&lt;/span&gt;\r\n&lt;/p&gt;\r\n&lt;p style=&quot;text-indent:0em;&quot;&gt;\r\n	&lt;span style=&quot;font-family:arial, helvetica, sans-serif;&quot;&gt;北京医院（国家老年医学中心）药学部副主任药师　张亚同&lt;/span&gt;\r\n&lt;/p&gt;\r\n&lt;p style=&quot;text-indent:0em;&quot;&gt;\r\n	&lt;span style=&quot;font-family:arial, helvetica, sans-serif;&quot;&gt;&lt;br /&gt;\r\n&lt;/span&gt;\r\n&lt;/p&gt;\r\n&lt;p style=&quot;text-indent:0em;&quot;&gt;\r\n	&lt;span style=&quot;font-family:arial, helvetica, sans-serif;&quot;&gt;“鱼精蛋白谁能找到现货？等着这个药做手术，请帮忙找找。”“不到8个月婴儿疑似患婴儿痉挛症，需注射促肾上腺皮质激素，求药！救命！”……近年来，鱼精蛋白、平阳霉素、放线菌素D等“救命药”频频出现“药荒”，导致手术延迟、抗癌治疗中断，不少患者因此错过了最佳抢救期、治疗期。随之产生的则是黄牛市场、民间仿制药等乱象的出现。&lt;br /&gt;\r\n&lt;/span&gt;\r\n&lt;/p&gt;\r\n&lt;p style=&quot;text-indent:0em;&quot;&gt;\r\n	&lt;span style=&quot;font-family:arial, helvetica, sans-serif;&quot;&gt;&lt;br /&gt;\r\n&lt;/span&gt;\r\n&lt;/p&gt;\r\n&lt;p style=&quot;text-indent:0em;&quot;&gt;\r\n	&lt;strong&gt;&lt;span style=&quot;font-family:arial, helvetica, sans-serif;&quot;&gt;“救命药”短缺成常态&lt;/span&gt;&lt;/strong&gt;\r\n&lt;/p&gt;\r\n&lt;p style=&quot;text-indent:0em;&quot;&gt;\r\n	&lt;span style=&quot;font-family:arial, helvetica, sans-serif;&quot;&gt;&lt;br /&gt;\r\n&lt;/span&gt;\r\n&lt;/p&gt;\r\n&lt;p style=&quot;text-indent:0em;&quot;&gt;\r\n	&lt;span style=&quot;font-family:arial, helvetica, sans-serif;&quot;&gt;8月中旬，杨军（化名）五岁半的儿子误食火锅液体燃料后，出现肚子疼、头疼等中毒症状，被紧急送往北京儿童医院救治，因情况危急转入重症监护室。医生称，目前最好给孩子注射甲吡唑进行解毒，不过目前国内没有这种特效药。杨军一家十分着急，在微博、微信上求助，不少热心网友纷纷帮忙，联系制药厂、医院，国外网友也帮忙出主意。庆幸的是，经过一天寻找，国外朋友的帮助下终于找到了药。“太揪心了，不敢想象找不到药的后果。”至今，杨军对此仍心有余悸。&amp;nbsp;&lt;/span&gt;\r\n&lt;/p&gt;\r\n&lt;p style=&quot;text-indent:0em;&quot;&gt;\r\n	&lt;span style=&quot;font-family:arial, helvetica, sans-serif;&quot;&gt;&lt;br /&gt;\r\n&lt;/span&gt;\r\n&lt;/p&gt;\r\n&lt;p style=&quot;text-indent:0em;&quot;&gt;\r\n	&lt;span style=&quot;font-family:arial, helvetica, sans-serif;&quot;&gt;其实，像用于心脏手术的必备药——鱼精蛋白、妇科肿瘤化疗药——放线菌素D等缺货现象已成全国性问题。8月23日，北京协和医院妇产科主治医师彭澎还在微博发出倡议：请国家尽快出台措施保证救命药生产，为患者呐喊！文中提到，该院化疗药放线菌素D因某些原因缺货，何时恢复供应尚不确定，而放线菌素D对妇科肿瘤患者而言，是一种必需的救命药。9月上旬，甘肃省药品耗材采购办公室发布《2016年甘肃省急救短缺和直接挂网药品目录的通知》，称短缺目录有43种药品，直接挂网目录有100种药品，而急救目录有70种药品。&lt;/span&gt;\r\n&lt;/p&gt;\r\n&lt;p style=&quot;text-indent:0em;&quot;&gt;\r\n	&lt;span style=&quot;font-family:arial, helvetica, sans-serif;&quot;&gt;&lt;br /&gt;\r\n&lt;/span&gt;\r\n&lt;/p&gt;\r\n&lt;p style=&quot;text-indent:0em;&quot;&gt;\r\n	&lt;span style=&quot;font-family:arial, helvetica, sans-serif;&quot;&gt;北京医院（国家老年医学中心）药学部副主任药师张亚同告诉《生命时报》记者，鱼精蛋白、他巴唑、新斯的明、放线菌素D、平阳霉素等药品，是手术、神经系统疾病、肿瘤，甚至慢性病必不可少且无可替代的药物，然而，部分基本药物、罕见药物短缺现象存在多年，拖了治疗后腿。&amp;nbsp;&lt;/span&gt;\r\n&lt;/p&gt;\r\n&lt;p style=&quot;text-indent:0em;&quot;&gt;\r\n	&lt;span style=&quot;font-family:arial, helvetica, sans-serif;&quot;&gt;&lt;br /&gt;\r\n&lt;/span&gt;\r\n&lt;/p&gt;\r\n&lt;p style=&quot;text-indent:0em;&quot;&gt;\r\n	&lt;span style=&quot;font-family:arial, helvetica, sans-serif;&quot;&gt;专家表示，就目前来看，“救命药”存在“缺”与“贵”的乱象。一方面是基本药物、罕见药物的短缺，另一方面则是治疗癌症等疑难杂症的高价药“一药难求”。面对如此之大的用药缺口，黑市贩药、黄牛倒卖从中渔利，10元一支的鱼精蛋白因断货被炒至上千上万元。由于某些国外药物尚未获得国内准入，一些病人和家属冒着触犯法律、中毒、死亡等风险，不惜铤而走险。&lt;/span&gt;\r\n&lt;/p&gt;\r\n&lt;p style=&quot;text-indent:0em;&quot;&gt;\r\n	&lt;span style=&quot;font-family:arial, helvetica, sans-serif;&quot;&gt;&lt;br /&gt;\r\n&lt;/span&gt;\r\n&lt;/p&gt;\r\n&lt;p style=&quot;text-indent:0em;&quot;&gt;\r\n	&lt;strong&gt;&lt;span style=&quot;font-family:arial, helvetica, sans-serif;&quot;&gt;四大原因拖了生命后腿&lt;/span&gt;&lt;/strong&gt;\r\n&lt;/p&gt;\r\n&lt;p style=&quot;text-indent:0em;&quot;&gt;\r\n	&lt;span style=&quot;font-family:arial, helvetica, sans-serif;&quot;&gt;&lt;br /&gt;\r\n&lt;/span&gt;\r\n&lt;/p&gt;\r\n&lt;p style=&quot;text-indent:0em;&quot;&gt;\r\n	&lt;span style=&quot;font-family:arial, helvetica, sans-serif;&quot;&gt;到底为何这些“救命药”在生命危急关头“拖了后腿”？专家们认为主要有四方面原因：&amp;nbsp;&lt;/span&gt;\r\n&lt;/p&gt;\r\n&lt;p style=&quot;text-indent:0em;&quot;&gt;\r\n	&lt;span style=&quot;font-family:arial, helvetica, sans-serif;&quot;&gt;&lt;br /&gt;\r\n&lt;/span&gt;\r\n&lt;/p&gt;\r\n&lt;p style=&quot;text-indent:0em;&quot;&gt;\r\n	&lt;span style=&quot;font-family:arial, helvetica, sans-serif;&quot;&gt;价格低廉，药厂生产亏损。复旦大学公共卫生学院卫生经济学副教授刘宝表示，当前，药品定价主要是由国家发展和改革委员会制定基本药物全国零售指导价格，在保持生产企业合理盈利的基础上压缩不合理营销费用。通常，进入《基本药物目录》的药物，需要经过公开招标采购，而价格低、需求量大的药往往竞争激烈。有些药厂为中标，恶意竞争，压低价格。但又因中标价太低，无利润空间，放弃生产，&lt;/span&gt;&lt;span style=&quot;font-family:arial, helvetica, sans-serif;&quot;&gt;导致一定时期内部分药品短缺。&amp;nbsp;&lt;/span&gt;\r\n&lt;/p&gt;\r\n&lt;p style=&quot;text-indent:0em;&quot;&gt;\r\n	&lt;span style=&quot;font-family:arial, helvetica, sans-serif;&quot;&gt;&lt;br /&gt;\r\n&lt;/span&gt;\r\n&lt;/p&gt;\r\n&lt;p style=&quot;text-indent:0em;&quot;&gt;\r\n	&lt;span style=&quot;font-family:arial, helvetica, sans-serif;&quot;&gt;需求量少，非医院常备用药。张亚同指出，临床上，“救命药”针对的患者通常是罕见病和突发状况的患者，需求量很小。比如，上述提到误食火锅燃料中毒的小孩，以及手术用药或某些特殊病用药的患者，较为少见。另外，某些药物原料的短缺也会使医院未能储备充足的药品。像鱼精蛋白，主要存在鱼类（如鲑鱼、鳟鱼、鲱鱼等）成熟精子细胞核中作为和DNA结合的核精蛋白存在，但提取鱼类精子有季节性，便限制了原料的供应量。&amp;nbsp;&lt;/span&gt;\r\n&lt;/p&gt;\r\n&lt;p style=&quot;text-indent:0em;&quot;&gt;\r\n	&lt;span style=&quot;font-family:arial, helvetica, sans-serif;&quot;&gt;&lt;br /&gt;\r\n&lt;/span&gt;\r\n&lt;/p&gt;\r\n&lt;p style=&quot;text-indent:0em;&quot;&gt;\r\n	&lt;span style=&quot;font-family:arial, helvetica, sans-serif;&quot;&gt;价格形成机制不够清晰。刘宝指出，2014年5月9日，国家发改委公布《关于改进低价药品价格管理有关问题的通知》，首次取消了政府制定的低价药最高零售价，在日均标准费用内由企业自主定价，扶持了一些该类“救命药”生产企业。不过第二年该政策发生变化，药品最高零售限价政策取消，药品分类采购、医保支付价、医院二次议价等价格形成机制在实践中交错，客观导致价格信号进入一个更加不稳定时期，不利于药品企业生产。&amp;nbsp;&lt;/span&gt;\r\n&lt;/p&gt;\r\n&lt;p style=&quot;text-indent:0em;&quot;&gt;\r\n	&lt;span style=&quot;font-family:arial, helvetica, sans-serif;&quot;&gt;&lt;br /&gt;\r\n&lt;/span&gt;\r\n&lt;/p&gt;\r\n&lt;p style=&quot;text-indent:0em;&quot;&gt;\r\n	&lt;span style=&quot;font-family:arial, helvetica, sans-serif;&quot;&gt;特效药进入国内有时间差。“救命药”以癌症等重大疾病类用药为主，欧美是原研药的主要“阵地”，所以，用于肿瘤靶向和免疫治疗的一些药品目前在大陆均未上市。张亚同解释，国外原研药应用于国内临床，必须根据国人情况做试验，会比国外至少滞后3年，加之受知识产权保护，专利购买费用高，很难尽快引入。正因如此，很多国内患者纷纷到不受专利限制的印度，代购仿制药、海外就医。&lt;/span&gt;\r\n&lt;/p&gt;\r\n&lt;p style=&quot;text-indent:0em;&quot;&gt;\r\n	&lt;span style=&quot;font-family:arial, helvetica, sans-serif;&quot;&gt;&lt;br /&gt;\r\n&lt;/span&gt;\r\n&lt;/p&gt;\r\n&lt;p style=&quot;text-indent:0em;&quot;&gt;\r\n	&lt;strong&gt;&lt;span style=&quot;font-family:arial, helvetica, sans-serif;&quot;&gt;“以需定产”才能救命&lt;/span&gt;&lt;/strong&gt;\r\n&lt;/p&gt;\r\n&lt;p style=&quot;text-indent:0em;&quot;&gt;\r\n	&lt;span style=&quot;font-family:arial, helvetica, sans-serif;&quot;&gt;&lt;br /&gt;\r\n&lt;/span&gt;\r\n&lt;/p&gt;\r\n&lt;p style=&quot;text-indent:0em;&quot;&gt;\r\n	&lt;span style=&quot;font-family:arial, helvetica, sans-serif;&quot;&gt;面对这种状况，国家出台相应政策缓解“救命药”短缺。日前，国家卫生计生委发布《2016年临床必需、用量小、市场供应短缺药品定点生产企业招标公告》，将9种药品通过招标选择生产企业，为政府办基层医疗卫生机构和公立医院供应定点生产品种，推动恢复生产供应。&amp;nbsp;&lt;/span&gt;\r\n&lt;/p&gt;\r\n&lt;p style=&quot;text-indent:0em;&quot;&gt;\r\n	&lt;span style=&quot;font-family:arial, helvetica, sans-serif;&quot;&gt;&lt;br /&gt;\r\n&lt;/span&gt;\r\n&lt;/p&gt;\r\n&lt;p style=&quot;text-indent:0em;&quot;&gt;\r\n	&lt;span style=&quot;font-family:arial, helvetica, sans-serif;&quot;&gt;专家认为，除了政策上的规范与支持，最重要的还是要“以需定产”，才能保障“救命药”供给的持续性。中国药品流通行业专家王锦霞认为，对短缺药品实行带量采购，明确采购关系，建立合理的价格机制，才能刺激生产，真正地实现供给保障。&amp;nbsp;&lt;/span&gt;\r\n&lt;/p&gt;\r\n&lt;p style=&quot;text-indent:0em;&quot;&gt;\r\n	&lt;span style=&quot;font-family:arial, helvetica, sans-serif;&quot;&gt;&lt;br /&gt;\r\n&lt;/span&gt;\r\n&lt;/p&gt;\r\n&lt;p style=&quot;text-indent:0em;&quot;&gt;\r\n	&lt;span style=&quot;font-family:arial, helvetica, sans-serif;&quot;&gt;其次，要给予企业明确的价格信号。在刘宝看来，政府定点生产、定点采购对缓解短缺态势有一定作用，但从根本来说，企业生产面临困难，与不稳定的价格机制分不开，政府要做的是让价格改革突前、价格信号要准、方向要对，有效引导企业生产和供应决策，才能保持可持续性。&amp;nbsp;&lt;/span&gt;\r\n&lt;/p&gt;\r\n&lt;p style=&quot;text-indent:0em;&quot;&gt;\r\n	&lt;span style=&quot;font-family:arial, helvetica, sans-serif;&quot;&gt;&lt;br /&gt;\r\n&lt;/span&gt;\r\n&lt;/p&gt;\r\n&lt;p style=&quot;text-indent:0em;&quot;&gt;\r\n	&lt;span style=&quot;font-family:arial, helvetica, sans-serif;&quot;&gt;最后，建立短缺药品监测预警系统。刘宝建议，除了已推动的省级短缺药品监测预警系统外，国家药管平台也应加大资金投入，及时汇总全国药品短缺信息，加强与医疗机构、药品生产流通企业沟通，从而有效协调和解决药品短缺问题。▲&lt;/span&gt;\r\n&lt;/p&gt;', 1475582774, 0),
(33, 53, '&lt;p style=&quot;text-indent:0em;&quot;&gt;\r\n	&lt;span style=&quot;font-family:arial, helvetica, sans-serif;&quot;&gt;“他的肝脏、肾脏等多个脏器都移植给了受捐者。”安徽省立医院南区ICU主任陶晓根说。41岁的援藏医生赵炬，在9月29日凌晨走完了自己短暂的一生。家属强忍悲痛，按照他的生前愿望，决定将他的遗体捐献给需要器官移植的患者。&lt;/span&gt;\r\n&lt;/p&gt;\r\n&lt;p style=&quot;text-indent:0em;&quot;&gt;\r\n	&lt;span style=&quot;font-family:arial, helvetica, sans-serif;&quot;&gt;&lt;br /&gt;\r\n&lt;/span&gt;\r\n&lt;/p&gt;\r\n&lt;p style=&quot;text-indent:0em;text-align:center;&quot;&gt;\r\n	&lt;span style=&quot;font-family:arial, helvetica, sans-serif;&quot;&gt;&lt;img class=&quot;to_big&quot; src=&quot;http://news.medlive.cn/uploadfile/20160930/14752266492418.jpg&quot; title=&quot;点击查看原图&quot; style=&quot;width:400px;height:250px;&quot; width=&quot;400&quot; border=&quot;0&quot; height=&quot;250&quot; /&gt;&lt;/span&gt;\r\n&lt;/p&gt;\r\n&lt;p style=&quot;text-indent:0em;text-align:center;&quot;&gt;\r\n	&lt;strong&gt;&lt;span style=&quot;font-family:arial, helvetica, sans-serif;font-size:12px;&quot;&gt;图片来源人民网&lt;/span&gt;&lt;/strong&gt;\r\n&lt;/p&gt;\r\n&lt;p style=&quot;text-indent:0em;&quot;&gt;\r\n	&lt;span style=&quot;font-family:arial, helvetica, sans-serif;&quot;&gt;&lt;br /&gt;\r\n&lt;/span&gt;\r\n&lt;/p&gt;\r\n&lt;p style=&quot;text-indent:0em;&quot;&gt;\r\n	&lt;span style=&quot;font-family:arial, helvetica, sans-serif;&quot;&gt;1975年出生于安徽全椒县农家的赵炬，毕业于安徽医科大学口腔专业，之后回到当地医院一直从事口腔科临床一线工作。他的妻子是医院的护士长，工作也非常繁忙，孩子刚刚11岁，正是需要父母陪伴的年纪。然而，2016年7月，安徽省第六批组团式援藏医疗工作队组建时，赵炬仍旧主动报名参加。&lt;/span&gt;\r\n&lt;/p&gt;\r\n&lt;p style=&quot;text-indent:0em;&quot;&gt;\r\n	&lt;span style=&quot;font-family:arial, helvetica, sans-serif;&quot;&gt;&lt;br /&gt;\r\n&lt;/span&gt;\r\n&lt;/p&gt;\r\n&lt;p style=&quot;text-indent:0em;&quot;&gt;\r\n	&lt;span style=&quot;font-family:arial, helvetica, sans-serif;&quot;&gt;安徽对口援助的山南地区位于西藏南部，自然条件恶劣，不少援藏人员高原反应十分强烈，在下乡途中，雪崩、泥石流、塌方、滑坡等危险更是常常发生。自2002年至2013年，安徽省先后派出5个批次、110名援藏干部和360名专业技术人员，实施援藏项目共计187个，累计投入资金11.6亿元。赵炬是安徽省最近一批援藏人员之一。&lt;/span&gt;\r\n&lt;/p&gt;\r\n&lt;p style=&quot;text-indent:0em;&quot;&gt;\r\n	&lt;span style=&quot;font-family:arial, helvetica, sans-serif;&quot;&gt;&lt;br /&gt;\r\n&lt;/span&gt;\r\n&lt;/p&gt;\r\n&lt;p style=&quot;text-indent:0em;&quot;&gt;\r\n	&lt;span style=&quot;font-family:arial, helvetica, sans-serif;&quot;&gt;“7月11日，抵达山南的当天，赵炬已经出现了高原反应，但是他依然坚持参加培训，甚至头一个就到达上课地点。”安徽组团式援藏医疗工作队负责人虞德才介绍。&lt;/span&gt;\r\n&lt;/p&gt;\r\n&lt;p style=&quot;text-indent:0em;&quot;&gt;\r\n	&lt;span style=&quot;font-family:arial, helvetica, sans-serif;&quot;&gt;&lt;br /&gt;\r\n&lt;/span&gt;\r\n&lt;/p&gt;\r\n&lt;p style=&quot;text-indent:0em;&quot;&gt;\r\n	&lt;span style=&quot;font-family:arial, helvetica, sans-serif;&quot;&gt;悲剧在7月15日早上发生。赵炬一起床就出现头晕、头痛症状，病情危急。经诊断，其颅内靠近脑干的部位夹层动脉瘤突然破裂，导致呼吸心跳失常，生命危在旦夕。&lt;/span&gt;\r\n&lt;/p&gt;\r\n&lt;p style=&quot;text-indent:0em;&quot;&gt;\r\n	&lt;span style=&quot;font-family:arial, helvetica, sans-serif;&quot;&gt;&lt;br /&gt;\r\n&lt;/span&gt;\r\n&lt;/p&gt;\r\n&lt;p style=&quot;text-indent:0em;&quot;&gt;\r\n	&lt;span style=&quot;font-family:arial, helvetica, sans-serif;&quot;&gt;安徽省“组团式”援藏医疗队所在地山南市人民医院急请驻藏北京协和医院专家会诊，于当晚７时将赵炬同志转往西藏自治区人民医院。经当地医院治疗略平稳后，根据家属意愿，上级部门决定用专机将赵炬同志由西藏自治区人民医院转至安徽省立医院南区进一步治疗。&lt;/span&gt;\r\n&lt;/p&gt;\r\n&lt;p style=&quot;text-indent:0em;&quot;&gt;\r\n	&lt;span style=&quot;font-family:arial, helvetica, sans-serif;&quot;&gt;&lt;br /&gt;\r\n&lt;/span&gt;\r\n&lt;/p&gt;\r\n&lt;p style=&quot;text-indent:0em;text-align:center;&quot;&gt;\r\n	&lt;span style=&quot;font-family:arial, helvetica, sans-serif;&quot;&gt;&lt;img class=&quot;to_big&quot; src=&quot;http://news.medlive.cn/uploadfile/20160930/14752266911708.jpg&quot; title=&quot;点击查看原图&quot; style=&quot;width:400px;height:253px;&quot; width=&quot;400&quot; border=&quot;0&quot; height=&quot;253&quot; /&gt;&lt;/span&gt;\r\n&lt;/p&gt;\r\n&lt;p style=&quot;text-indent:0em;text-align:center;&quot;&gt;\r\n	&lt;span style=&quot;font-family:arial, helvetica, sans-serif;&quot;&gt;&lt;strong&gt;&lt;span style=&quot;font-family:arial, helvetica, sans-serif;font-size:12px;&quot;&gt;图片来源人民网&lt;/span&gt;&lt;/strong&gt;&lt;/span&gt;\r\n&lt;/p&gt;\r\n&lt;p style=&quot;text-indent:0em;&quot;&gt;\r\n	&lt;span style=&quot;font-family:arial, helvetica, sans-serif;&quot;&gt;&lt;br /&gt;\r\n&lt;/span&gt;\r\n&lt;/p&gt;\r\n&lt;p style=&quot;text-indent:0em;&quot;&gt;\r\n	&lt;span style=&quot;font-family:arial, helvetica, sans-serif;&quot;&gt;7月24日晚，当赵炬回到家乡安徽时，已经陷入深度昏迷，呼吸、心跳和血压全部靠设备维持。医院多次评估其已经接近脑死亡状态。&lt;/span&gt;\r\n&lt;/p&gt;\r\n&lt;p style=&quot;text-indent:0em;&quot;&gt;\r\n	&lt;span style=&quot;font-family:arial, helvetica, sans-serif;&quot;&gt;&lt;br /&gt;\r\n&lt;/span&gt;\r\n&lt;/p&gt;\r\n&lt;p style=&quot;text-indent:0em;&quot;&gt;\r\n	&lt;span style=&quot;font-family:arial, helvetica, sans-serif;&quot;&gt;一批老朋友、老同事焦急地等待奇迹出现。在赵炬原单位滁州市中西医结合医院院长龚建议印象中，赵炬一直是一名爱岗敬业、热心公益的好医生。作为科室骨干，他对患者的问诊以细致、较真出了名，在对年轻医师的临床带教工作上，也是苦口婆心。为了提升自己的专业技术，他多次利用业余时间到上海等地进修，率先在医院口腔科开展种植牙、正畸等复杂项目。在医院组织的志愿服务活动中，他曾多次表达过捐献器官的意愿。&lt;/span&gt;\r\n&lt;/p&gt;\r\n&lt;p style=&quot;text-indent:0em;&quot;&gt;\r\n	&lt;span style=&quot;font-family:arial, helvetica, sans-serif;&quot;&gt;&lt;br /&gt;\r\n&lt;/span&gt;\r\n&lt;/p&gt;\r\n&lt;p style=&quot;text-indent:0em;&quot;&gt;\r\n	&lt;span style=&quot;font-family:arial, helvetica, sans-serif;&quot;&gt;然而生命的奇迹终究没有出现。在维持其生命体征两个多月后，9月26日，悲痛欲绝的妻子提出终止治疗，并且签署了器官捐献同意书。&lt;/span&gt;\r\n&lt;/p&gt;\r\n&lt;p style=&quot;text-indent:0em;&quot;&gt;\r\n	&lt;span style=&quot;font-family:arial, helvetica, sans-serif;&quot;&gt;&lt;br /&gt;\r\n&lt;/span&gt;\r\n&lt;/p&gt;\r\n&lt;p style=&quot;text-indent:0em;&quot;&gt;\r\n	&lt;span style=&quot;font-family:arial, helvetica, sans-serif;&quot;&gt;9月29日凌晨5时，赵炬最后一次被推进手术室，他的肝脏、肾脏等多个器官移植给急需的患者。&lt;/span&gt;\r\n&lt;/p&gt;', 1475667439, 0);

-- --------------------------------------------------------

--
-- 表的结构 `cms_option`
--

CREATE TABLE IF NOT EXISTS `cms_option` (
  `ID` int(11) NOT NULL,
  `KEY` varchar(100) NOT NULL,
  `VALUE` text NOT NULL
) ENGINE=MyISAM DEFAULT CHARSET=utf8;

--
-- 转存表中的数据 `cms_option`
--

INSERT INTO `cms_option` (`ID`, `KEY`, `VALUE`) VALUES
(1, 'DDosUpTime', '20'),
(2, 'DDosType', 'lock'),
(3, 'DDosUpCount', '15'),
(4, 'DDoslockTime', '15');

-- --------------------------------------------------------

--
-- 表的结构 `cms_position`
--

CREATE TABLE IF NOT EXISTS `cms_position` (
  `id` smallint(5) unsigned NOT NULL AUTO_INCREMENT,
  `name` char(30) NOT NULL DEFAULT '',
  `status` tinyint(1) NOT NULL DEFAULT '1',
  `description` char(100) DEFAULT NULL,
  `create_time` int(10) unsigned NOT NULL DEFAULT '0',
  `update_time` int(10) unsigned NOT NULL DEFAULT '0',
  PRIMARY KEY (`id`)
) ENGINE=MyISAM  DEFAULT CHARSET=utf8 AUTO_INCREMENT=8 ;

--
-- 转存表中的数据 `cms_position`
--

INSERT INTO `cms_position` (`id`, `name`, `status`, `description`, `create_time`, `update_time`) VALUES
(2, '首页大图', 1, '展示首页大图', 1455634715, 0),
(3, '小图推荐', 1, '小图推荐', 1456665873, 0),
(4, '首页后侧推荐位', -1, '', 1457248469, 0),
(5, '右侧广告位', 1, '右侧广告位', 1457873143, 0);

-- --------------------------------------------------------

--
-- 表的结构 `cms_position_content`
--

CREATE TABLE IF NOT EXISTS `cms_position_content` (
  `id` smallint(5) unsigned NOT NULL AUTO_INCREMENT,
  `position_id` int(5) unsigned NOT NULL,
  `title` varchar(30) NOT NULL DEFAULT '',
  `thumb` varchar(100) NOT NULL DEFAULT '',
  `url` varchar(100) DEFAULT NULL,
  `news_id` mediumint(8) unsigned NOT NULL,
  `listorder` tinyint(3) unsigned NOT NULL DEFAULT '0',
  `status` tinyint(1) NOT NULL DEFAULT '1',
  `create_time` int(10) unsigned NOT NULL DEFAULT '0',
  `update_time` int(10) unsigned NOT NULL DEFAULT '0',
  PRIMARY KEY (`id`)
) ENGINE=MyISAM  DEFAULT CHARSET=utf8 AUTO_INCREMENT=68 ;

--
-- 转存表中的数据 `cms_position_content`
--

INSERT INTO `cms_position_content` (`id`, `position_id`, `title`, `thumb`, `url`, `news_id`, `listorder`, `status`, `create_time`, `update_time`) VALUES
(28, 2, '你上不上，云就在那里 ', '/upload/2016/10/04/57f35709d8c54.jpg', '', 44, 7, 1, 1457854896, 0),
(27, 2, '文章18测试sss', '/upload/2016/03/07/56dcc0158f70e.JPG', '', 18, 0, -1, 1457306930, 0),
(26, 2, 'ss', '/upload/2016/03/07/56dcbce02cab9.JPG', 'http://sina.com.cn', 0, 0, -1, 1457306890, 0),
(25, 3, 'test', '/upload/2016/03/06/56dbdc0c483af.JPG', NULL, 17, 0, -1, 1455756856, 0),
(23, 2, 'test', '/upload/2016/03/06/56dbdc0c483af.JPG', NULL, 17, 1, -1, 1455756856, 0),
(24, 2, '你好ssss', '/upload/2016/03/06/56dbdc015e662.JPG', NULL, 18, 2, -1, 1455756999, 0),
(29, 3, '大数据时代，医疗信息化应该怎么建？ ', '/upload/2016/10/04/57f3594edf813.png', '', 46, 10, 1, 1457855362, 0),
(30, 3, '助推医疗协同和分级诊疗，发力医疗信息化转型 ', '/upload/2016/10/04/57f35cc201f5c.jpg', '', 48, 0, 1, 1457855680, 0),
(31, 3, '2015中国生物医药前沿技术与产业化发展研讨会顺利闭幕', '/upload/2016/10/04/57f35abc9b476.jpg', '', 47, 0, 1, 1457856460, 0),
(32, 5, '2015劳伦斯国际体坛精彩瞬间', '/upload/2016/03/13/56e5612d525c3.png', 'http://sports.sina.com.cn/laureus/moment2015/', 0, 0, -1, 1457873220, 0),
(33, 5, ' 2016年诺贝尔生理学或医学奖揭晓！', '/upload/2016/10/05/57f4e6c6d1ff3.jpg', '', 45, 0, 1, 1457873435, 0),
(67, 5, '勤能补拙', '/upload/2016/08/03/57a1ae7b8ffdb.jpg', NULL, 32, 0, -1, 1470213769, 0),
(66, 2, '你好啊', '/upload/2016/08/03/57a1b312c147d.jpg', '', 35, 0, -1, 1470214949, 0);

-- --------------------------------------------------------

--
-- 表的结构 `cms_sql`
--

CREATE TABLE IF NOT EXISTS `cms_sql` (
  `id` int(11) NOT NULL AUTO_INCREMENT,
  `sqltype` varchar(10) NOT NULL,
  `sqluptime` int(10) NOT NULL,
  `sqllocktime` int(10) NOT NULL,
  `sqlupcount` int(10) NOT NULL,
  PRIMARY KEY (`id`)
) ENGINE=MyISAM  DEFAULT CHARSET=utf8 AUTO_INCREMENT=2 ;

--
-- 转存表中的数据 `cms_sql`
--

INSERT INTO `cms_sql` (`id`, `sqltype`, `sqluptime`, `sqllocktime`, `sqlupcount`) VALUES
(1, 'block', 2, 15, 5);

-- --------------------------------------------------------

--
-- 表的结构 `cms_visit_logs`
--

CREATE TABLE IF NOT EXISTS `cms_visit_logs` (
  `ID` int(11) NOT NULL AUTO_INCREMENT,
  `IP` varchar(20) NOT NULL,
  `TIME` int(11) NOT NULL,
  `TYPE` varchar(200) NOT NULL,
  PRIMARY KEY (`ID`)
) ENGINE=MyISAM  DEFAULT CHARSET=utf8 AUTO_INCREMENT=262 ;

--
-- 转存表中的数据 `cms_visit_logs`
--

INSERT INTO `cms_visit_logs` (`ID`, `IP`, `TIME`, `TYPE`) VALUES
(261, '127.0.0.1', 1475917851, 'ddos');

/*!40101 SET CHARACTER_SET_CLIENT=@OLD_CHARACTER_SET_CLIENT */;
/*!40101 SET CHARACTER_SET_RESULTS=@OLD_CHARACTER_SET_RESULTS */;
/*!40101 SET COLLATION_CONNECTION=@OLD_COLLATION_CONNECTION */;
